patch,Annie,Olaf,Galio,TwistedFate,XinZhao,Urgot,Leblanc,Vladimir,Fiddlesticks,Kayle,MasterYi,Alistar,Ryze,Sion,Sivir,Soraka,Teemo,Tristana,Warwick,Nunu,MissFortune,Ashe,Tryndamere,Jax,Morgana,Zilean,Singed,Evelynn,Twitch,Karthus,Chogath,Amumu,Rammus,Anivia,Shaco,DrMundo,Sona,Kassadin,Irelia,Janna,Gangplank,Corki,Karma,Taric,Veigar,Trundle,Swain,Caitlyn,Blitzcrank,Malphite,Katarina,Nocturne,Maokai,Renekton,JarvanIV,Elise,Orianna,Wukong,Brand,LeeSin,Vayne,Rumble,Cassiopeia,Skarner,Heimerdinger,Nasus,Nidalee,Udyr,Poppy,Gragas,Pantheon,Ezreal,Mordekaiser,Yorick,Akali,Kennen,Garen,Leona,Malzahar,Talon,Riven,KogMaw,Shen,Lux,Xerath,Shyvana,Ahri,Graves,Fizz,Volibear,Rengar,Varus,Nautilus,Viktor,Sejuani,Fiora,Ziggs,Lulu,Draven,Hecarim,Khazix,Darius,Jayce,Lissandra,Diana,Quinn,Syndra,AurelionSol,Kayn,Zoe,Zyra,Kaisa,Seraphine,Gnar,Zac,Yasuo,Velkoz,Taliyah,Camille,Akshan,Belveth,Braum,Jhin,Kindred,Zeri,Jinx,TahmKench,Viego,Senna,Lucian,Zed,Kled,Ekko,Qiyana,Vi,Aatrox,Nami,Azir,Yuumi,Samira,Thresh,Illaoi,RekSai,Ivern,Kalista,Bard,Rakan,Xayah,Ornn,Sylas,Neeko,Aphelios,Rell,Pyke,Vex,Yone,Sett,Lillia,Gwen,RenataGlasc,Nilah,KSante,Milio,Date
1.0.0.119,2.0,,,18.0,,,,14.0,,,,12.0,,,,1.0,,,3.0,9.0,,2.0,,,,5.0,2.0,,,3.0,,8.0,,5.0,,,3.0,,3.0,1.0,,5.0,,3.0,,,,,,,,3.0,,,7.0,,,,,,12.0,21.0,,,,,15.0,,,3.0,,,2.0,,6.0,,,,,,,,,,,,,,,,,,,,,,,,,,,,,,,,,,,,,,,,,,,,,,,,,,,,,,,,,,,,,,,,,,,,,,,,,,,,,,,,,,,,,,,,,2011-06-01
1.0.0.132,,,2.0,,,,4.0,1.0,,,,,9.0,,1.0,3.0,,,,5.0,,,4.0,,8.0,,,,,19.0,,,21.0,,5.0,,3.0,8.0,2.0,,3.0,,,,1.0,,,,,,,2.0,3.0,,,,,,,3.0,2.0,1.0,13.0,4.0,,,2.0,,,3.0,,,,3.0,,8.0,,,,,2.0,,,,,1.0,2.0,8.0,,,,,,,,,,,,,,,,,,,,,,,,,,,,,,,,,,,,,,,,,,,,,,,,,,,,,,,,,,,,,,,,,,,,,,,,,,,,2012-01-17
1.0.0.133,,,,3.0,,,,,,,,,4.0,,,,,,,,,,,,2.0,,,,,,1.0,,6.0,,1.0,,2.0,3.0,,,1.0,,,,,,,,,,,,1.0,,,,,,,1.0,1.0,,1.0,2.0,,,3.0,,,,,,,1.0,,1.0,,,,,,,,,,,2.0,,,,,,,,,,,,,,,,,,,,,,,,,,,,,,,,,,,,,,,,,,,,,,,,,,,,,,,,,,,,,,,,,,,,,,,,,,,,,2012-02-01
1.0.0.134,,,,,,,,,,,,,2.0,,,,,,,,,,,,1.0,,,,,,,,2.0,,,,2.0,,,,,,,,,,,,,,,,1.0,,,,,,,,2.0,,,1.0,,,,,,,,,,1.0,,,,,,,,,,,,,,,,,,,,,,,,,,,,,,,,,,,,,,,,,,,,,,,,,,,,,,,,,,,,,,,,,,,,,,,,,,,,,,,,,,,,,,,,,,2012-02-14
1.0.0.135,,,5.0,10.0,,2.0,1.0,5.0,,,,5.0,22.0,1.0,,,,,,2.0,,3.0,,,12.0,1.0,,,,19.0,,,13.0,1.0,,5.0,1.0,1.0,20.0,5.0,6.0,,,,,,,,,,,4.0,6.0,,,,1.0,,,5.0,,1.0,21.0,,,,5.0,10.0,,,,,3.0,1.0,1.0,9.0,,,,,2.0,2.0,31.0,,,18.0,3.0,,,,,,,,,,1.0,,,,,,,,,,,,,,,,,,,,,,,,,,,,,,,,,,,,,,,,,,,,,,,,,,,,,,,,,,,,,,,,,,,2012-02-29
1.0.0.136,1.0,1.0,1.0,5.0,,2.0,,1.0,,,,4.0,5.0,,,,,,,,,1.0,,,1.0,,,,,,1.0,,4.0,4.0,2.0,2.0,1.0,9.0,2.0,3.0,,1.0,,,2.0,,,,,,,,1.0,,2.0,,,,,8.0,1.0,2.0,3.0,1.0,,,7.0,,,,2.0,,1.0,,,7.0,,1.0,,1.0,,1.0,18.0,,,5.0,5.0,,,,,,,,,,,1.0,,,,,,,,,,,,,,,,,,,,,,,,,,,,,,,,,,,,,,,,,,,,,,,,,,,,,,,,,,,,,,,,,,2012-03-20
1.0.0.138,,,,,,2.0,,1.0,,,,3.0,1.0,,,,,,,,,,,,1.0,,,,,,,,,6.0,,,,4.0,,,,,,,,,,2.0,,,,2.0,,,1.0,,,,,4.0,,,2.0,,,,4.0,,,,,,,,,5.0,,,,,,,7.0,,,,2.0,,,,,,,,,,,1.0,,,,,,,,,,,,,,,,,,,,,,,,,,,,,,,,,,,,,,,,,,,,,,,,,,,,,,,,,,,,,,,,,,2012-04-18
1.0.0.139,,2.0,1.0,4.0,,4.0,,3.0,,,,,2.0,,,2.0,,,,,,1.0,,,1.0,,,,,1.0,,1.0,,1.0,,4.0,,5.0,,4.0,,,,,,,,,,,,7.0,,,,,,,,4.0,,,,1.0,,,,2.0,,,,,,,,7.0,,,,,,,13.0,,,,4.0,2.0,,,,,,,,,,1.0,,,,,,,,,,,,,,,,,,,,,,,,,,,,,,,,,,,,,,,,,,,,,,,,,,,,,,,,,,,,,,,,,,2012-05-01
1.0.0.141,,3.0,,10.0,1.0,18.0,1.0,4.0,,1.0,,1.0,2.0,,,2.0,,,,,,1.0,,,3.0,,1.0,,,9.0,,,,5.0,,,,1.0,3.0,,,1.0,,,,,,,1.0,,,9.0,1.0,,,,,,,1.0,1.0,,1.0,,,,2.0,1.0,,,,,,3.0,,1.0,,,,,,1.0,13.0,,,,8.0,1.0,,,,,13.0,,,,,3.0,,,,4.0,,,,,,,,,,,,,,,,,,,,,,,,,,,,,,,,,,,,,,,,,,,,,,,,,,,,,,,,,,,,,,2012-06-17
1.0.0.142,,,,1.0,,7.0,,5.0,,,,5.0,3.0,,,,,,,,,,,,,,,,,5.0,,,,1.0,,,,,,,,,,,,,,,,,,6.0,,,,,,,,,,2.0,,,,,1.0,,,,,,,,,,,,,,,,6.0,,,,5.0,3.0,,,,,1.0,,,1.0,,,1.0,,,,,,,,,,,,,,,,,,,,,,,,,,,,,,,,,,,,,,,,,,,,,,,,,,,,,,,,,,,,,,,,,2012-07-07
1.0.0.143,,,,,,4.0,,4.0,,,,8.0,5.0,,,,,,,,,,,,,,,,,3.0,,,,4.0,,,,,2.0,,,,,,,,,,,1.0,,5.0,,,,,,,,1.0,,,,,,,,,,,,,,,,1.0,,,,,,1.0,8.0,,,,4.0,1.0,,,,,1.0,,,,1.0,,,,,,,,,,,,,,,,,,,,,,,,,,,,,,,,,,,,,,,,,,,,,,,,,,,,,,,,,,,,,,,,,,,2012-07-19
1.0.0.144,,,,2.0,,1.0,,4.0,,,,8.0,1.0,,,,,,,,,,,,,,,,,3.0,,,,2.0,,,,,,,,,,,,,,,,6.0,,3.0,2.0,,,,,,,,,7.0,,,,,,,,,,,,,,,,,,,,,7.0,,,,2.0,,,,,,,,,,,,,,,,,,,,,,,,,,,,,,,,,,,,,,,,,,,,,,,,,,,,,,,,,,,,,,,,,,,,,,,,,,,,,2012-08-01
1.0.0.145,,,,6.0,,,,4.0,,,,18.0,4.0,,,,,,,8.0,,,,,1.0,,,,,10.0,,,,11.0,,,,2.0,4.0,,,,,,,,,,,8.0,,8.0,6.0,,,,2.0,,,3.0,,2.0,,,,,,,,8.0,,2.0,,8.0,,,,,,,,,13.0,,,4.0,4.0,,,,,,,,,,,4.0,,,,,3.0,,6.0,,,,,,1.0,,,,,,,,,,,,,,,,,,,,,,,,,,,,,,,,,,,,,,,,,,,,,,,,,,,,,2012-08-14
1.0.0.146,,,,,,,,,,,,4.0,,,,,,,,,,,,,,,,,,1.0,,,,3.0,,,,,,,,,,,,,,,,3.0,,2.0,,,,,,,,,,,,4.0,,,,,,1.0,,,,,,,,,,,,,2.0,,,,1.0,,,,,,,,,,,,,,,,,,3.0,,,,,,,,,,,,,,,,,,,,,,,,,,,,,,,,,,,,,,,,,,,,,,,,,,,,,,,,,,,2012-08-30
1.0.0.147,,,,2.0,,,,11.0,,,,7.0,6.0,,,,,,,,,,,,,,,2.0,,3.0,,,,1.0,,,,2.0,,,,,,,,,,,,1.0,,,2.0,,,,8.0,,,,,,,,,,3.0,,,3.0,,5.0,,,,,,,,,,,14.0,,,,1.0,,,,5.0,,,,,,,,,,,,1.0,,12.0,,,,,,,,,,,,,,,,,,,,,,,,,,,,,,,,,,,,,,,,,,,,,,,,,,,,,,,,,,,2012-09-12
1.0.0.148,,12.0,,13.0,,,,5.0,,,,14.0,,,3.0,,,,,2.0,,,,8.0,5.0,3.0,6.0,34.0,1.0,5.0,3.0,,,24.0,,1.0,17.0,,18.0,,1.0,,,,,,,,15.0,5.0,6.0,,13.0,,,,15.0,,,14.0,12.0,,,21.0,,,4.0,,,2.0,,10.0,,5.0,,,,,,,,11.0,12.0,1.0,,1.0,1.0,,,,22.0,,,,,,,,2.0,,,4.0,42.0,,3.0,,,,,,,,,,,,,,,,,,,,,,,,,,,,,,,,,,,,,,,,,,,,,,,,,,,,,,,,,,,2012-09-27
1.0.0.150,,2.0,,4.0,,,,,,,,,,,,,,,,,,,,,,1.0,,5.0,,1.0,2.0,,,2.0,,1.0,3.0,,,,,,,,,,,,1.0,3.0,2.0,1.0,2.0,,,,1.0,,,,,2.0,,2.0,,,,,,,,,,,,,,,,,,2.0,,,,,1.0,,,,3.0,,,,,,,1.0,,,,,4.0,,,,,,,,2.0,,,,,,,,,,,,,,,,,,,,,,,,,,,,,,,,,,,,,,,,,,,,,,,,,,,,,2012-10-25
1.0.0.151,,25.0,,45.0,4.0,2.0,,9.0,,,1.0,,2.0,,,,,,,14.0,,,,12.0,2.0,12.0,,18.0,3.0,10.0,22.0,5.0,,23.0,,7.0,8.0,1.0,12.0,,,1.0,2.0,,,,,,39.0,24.0,27.0,13.0,4.0,,5.0,5.0,36.0,,,73.0,10.0,5.0,,8.0,,,2.0,,,,,2.0,,3.0,,,,,,,,3.0,29.0,5.0,,,3.0,1.0,,,50.0,,,,,,,11.0,1.0,,,3.0,6.0,,59.0,,,,,,34.0,,,,,,,,,,,,,,,,,,,,,,,,,,,,,,,,,,,,,,,,,,,,,,,,,,,,,2012-11-13
1.0.0.152,,12.0,,11.0,,,,3.0,,,1.0,,,,,,,,,,,,,,,2.0,,4.0,,4.0,6.0,,,1.0,,,,,,,,,,,,,,,1.0,,3.0,,,,,,4.0,,,10.0,,2.0,,,,,,,,,,,,,,,,,,,,,,,,,,,,,14.0,,,,,,,1.0,,,,,3.0,,9.0,,,,,,5.0,,,,,,,,,,,,,,,,,,,,,,,,,,,,,,,,,,,,,,,,,,,,,,,,,,,,,2012-12-04
1.0.0.153,,20.0,,26.0,1.0,,,1.0,,6.0,,,8.0,,,,,,,6.0,5.0,,,10.0,,,2.0,41.0,,5.0,15.0,1.0,,4.0,,,,1.0,3.0,,,1.0,,,,,,,13.0,2.0,10.0,3.0,,1.0,,4.0,12.0,1.0,,17.0,3.0,8.0,,2.0,,,2.0,,,,1.0,1.0,,,,,,,,2.0,,,26.0,,,,,,,,47.0,,,,,,,2.0,,,7.0,,13.0,,29.0,,,,,,12.0,,,,,,,,,,,,,,,,,,,,2.0,,,,1.0,,,,,,,,,,,,,,,,,,,,,,,,,,,,,2012-12-14
1.0.0.154,,16.0,,12.0,1.0,,,,,17.0,,,1.0,,,,,,,4.0,7.0,,,,,,,20.0,,,6.0,1.0,,,,,,,,,,,,,,,,2.0,9.0,3.0,,,,,,6.0,1.0,3.0,,13.0,,,,,,,5.0,,,,,2.0,,,,,,,,,,1.0,15.0,,,,,,,,,,,,,,,1.0,,,13.0,,,,,,,,,,1.0,,,,,,,,,,,,,,,,,,,,1.0,,,,,,,,,,,,,,,,,,,,,,,,,,,,,,,,,2013-01-16
3.01,,11.0,,1.0,8.0,,3.0,,,7.0,,,3.0,,,,,,,9.0,6.0,,,,,,,1.0,2.0,,,,,2.0,,,,3.0,,,,,,1.0,,,,,4.0,1.0,3.0,,4.0,,,9.0,,1.0,,,,,,,,,6.0,,,1.0,,,,,1.0,,,,,,,1.0,10.0,2.0,,,,,,,,,,,,,,,,,8.0,,2.0,,,,,,,,1.0,,,,,,,,,,,,,,,,,,,,1.0,,,,2.0,,,,,,,,,,,,,,,,,,,,,,,,,,,,,2013-02-01
3.02,,2.0,,18.0,24.0,,3.0,,,35.0,,1.0,4.0,,,,,1.0,,,3.0,,2.0,,,,10.0,,5.0,,,,,4.0,,1.0,,4.0,,,,,,5.0,,,,2.0,,5.0,1.0,,,5.0,9.0,13.0,1.0,2.0,,,,8.0,,,,,20.0,,,3.0,,,,,3.0,5.0,,,,,,3.0,16.0,8.0,,,,,2.0,,,,,,,,,1.0,4.0,4.0,5.0,,4.0,,4.0,,2.0,,,,1.0,,,,,,,,,,,,,,,,,,,,5.0,,,,16.0,,,,,,8.0,,,,,,,,,,,,,,,,,,,,,,,2013-02-13
3.03,,,,33.0,38.0,3.0,,,,62.0,,1.0,8.0,,,,,,,2.0,6.0,,1.0,,,,12.0,,5.0,,,,,9.0,,,7.0,4.0,1.0,,,,,3.0,,1.0,,14.0,1.0,6.0,1.0,,,16.0,12.0,31.0,3.0,1.0,,2.0,3.0,13.0,,,,3.0,21.0,,,1.0,,,,,6.0,5.0,,8.0,,,,1.0,25.0,19.0,6.0,,,1.0,6.0,11.0,,1.0,,,,,,1.0,8.0,,11.0,,1.0,,7.0,,4.0,,,,,,,,,,,,,,,,,,,,,,,,4.0,,,,26.0,,1.0,,,,39.0,,,,,,,,,,,,,,,,,,,,,,,2013-03-01
3.04,,,,4.0,1.0,,,,,9.0,,,1.0,,,,,,,1.0,,,,,,,5.0,,,1.0,,,,2.0,,,3.0,5.0,2.0,,,,,1.0,,,,2.0,1.0,1.0,,,,11.0,9.0,11.0,,,,,3.0,1.0,,,,1.0,,,,2.0,,,,,1.0,1.0,,2.0,,,,,8.0,5.0,,,,,,1.0,,,,,,,,,5.0,,5.0,1.0,,,1.0,,,,,,,,,,,,,,,,,,,,,,,,,,5.0,,,,,,,,,,6.0,,,,,,,,,,,,,,,,,,,,,,,2013-03-19
3.5,,,,27.0,,1.0,,1.0,,13.0,,,5.0,,,,,,,,4.0,,,,,,1.0,2.0,3.0,2.0,,3.0,,2.0,,,7.0,8.0,2.0,1.0,,,,1.0,,,,6.0,,7.0,1.0,1.0,,9.0,16.0,18.0,2.0,,,2.0,5.0,13.0,1.0,,,9.0,5.0,,,3.0,,,,,5.0,6.0,,2.0,,,,2.0,21.0,4.0,1.0,,,,,9.0,2.0,4.0,,,,,,3.0,7.0,,13.0,,3.0,,11.0,,1.0,,,,1.0,,,,,,,,,,,,,,,,,,,,14.0,,,,,,,,,,22.0,,,,,,,,,,,,,,,,,,,,,,,2013-03-28
3.5 (Balance update),,1.0,,76.0,,,,1.0,4.0,11.0,,,9.0,,,,,5.0,,1.0,15.0,,,,,,1.0,1.0,4.0,36.0,3.0,4.0,,6.0,,,8.0,17.0,,,,,,,,,,11.0,1.0,12.0,,13.0,,27.0,42.0,39.0,,,1.0,2.0,7.0,16.0,,,,26.0,2.0,1.0,,9.0,,1.0,,,,19.0,,7.0,,,4.0,2.0,79.0,18.0,,,,,1.0,6.0,,6.0,1.0,,,,,1.0,10.0,,39.0,,27.0,,21.0,,,,,,,,,,8.0,,,,,,,,,,,,,,,,32.0,,,,,,,,,,66.0,,,,,,,,,,,,,,,,,,,,,,,2013-04-09
3.6,,1.0,,55.0,,,2.0,,5.0,3.0,,,3.0,,,,,2.0,,1.0,2.0,,,,,,3.0,3.0,2.0,9.0,,,3.0,,,,10.0,8.0,,1.0,,,,,,,,1.0,,18.0,,2.0,,9.0,13.0,29.0,5.0,,,3.0,4.0,17.0,,,,8.0,4.0,,,9.0,,6.0,,,,7.0,,,,,,,25.0,6.0,4.0,,13.0,,,,,3.0,3.0,,,,,,7.0,3.0,15.0,,4.0,,12.0,,,,,,4.0,,,,24.0,,,,,,,,,,,,,,,,34.0,,,,,,,,,,21.0,,,,,,,,,,,,,,,,,,,,,,,2013-04-30
3.7,,,,20.0,,,3.0,,5.0,,,,8.0,,,,,,,,1.0,,,,,,,3.0,3.0,5.0,,,,,,,1.0,,,,,,,,,1.0,,,6.0,1.0,,,,,4.0,8.0,,,,6.0,,,,,,3.0,,,,,,,,,,9.0,,,,,,,5.0,,,,,,,,,,,,,,,,,,9.0,,18.0,,3.0,,,,,,,,,,,,,,,,,,,,,,,,,,1.0,,,,,,,,,,3.0,,,,,,,,,,,,,,,,,,,,,,,2013-05-15
3.8,,,,78.0,1.0,,,2.0,2.0,4.0,1.0,,18.0,,,,,3.0,,62.0,,1.0,2.0,1.0,,,,43.0,2.0,16.0,,,,3.0,,,3.0,4.0,,4.0,,,,,,,,10.0,5.0,10.0,,,,,9.0,36.0,5.0,,,10.0,1.0,5.0,,,,6.0,1.0,1.0,,,,6.0,,1.0,,28.0,,,,,2.0,,36.0,,,,6.0,,1.0,,2.0,,6.0,,2.0,,1.0,1.0,14.0,2.0,26.0,,69.0,20.0,5.0,,,,,,2.0,,,,14.0,,,,,,,,,,,,,,,,22.0,,,,,,4.0,,,,46.0,,,,,,,,,,,,,,,,,,,,,,,2013-06-13
3.9,8.0,,1.0,74.0,,,,12.0,7.0,2.0,1.0,,29.0,,,,,3.0,,50.0,3.0,2.0,2.0,4.0,,,,19.0,5.0,26.0,3.0,,,,,,14.0,14.0,2.0,,,3.0,,,,,,12.0,8.0,,,1.0,,5.0,20.0,91.0,10.0,,,33.0,12.0,8.0,,,,1.0,3.0,10.0,,8.0,,4.0,,5.0,,25.0,,,2.0,,6.0,1.0,61.0,,1.0,,23.0,1.0,9.0,,8.0,3.0,3.0,,1.0,,,,13.0,,5.0,,67.0,13.0,3.0,,,,,,3.0,,,,15.0,,,,,,,,,,,,,,,,45.0,,,,4.0,2.0,8.0,,,,38.0,,,,,,,,,,,,,,,,,,,,,,,2013-07-09
3.10,,,,40.0,,1.0,,3.0,12.0,,1.0,,7.0,,,,,4.0,,,4.0,2.0,1.0,,,,,22.0,24.0,7.0,,2.0,,,,,10.0,32.0,,,,,,,,,,2.0,4.0,6.0,,5.0,,,16.0,58.0,11.0,,,37.0,21.0,9.0,,,,3.0,,,,9.0,,13.0,,1.0,,24.0,,,,,6.0,,65.0,,,,31.0,,17.0,,,2.0,2.0,,,,,,,,2.0,,4.0,10.0,3.0,,,,,,6.0,,,,31.0,,,,,,,,,,,,,,,,46.0,,,,1.0,4.0,,,,,41.0,,,,,,,,,,,,,,,,,,,,,,,2013-07-30
3.10a,,,,15.0,,,,7.0,2.0,2.0,,,,,,,,1.0,,1.0,2.0,6.0,,,,,3.0,12.0,1.0,7.0,,3.0,,,,,5.0,26.0,,,,,,,,,,4.0,6.0,,,3.0,,4.0,10.0,4.0,7.0,,,22.0,2.0,4.0,,,,2.0,,,,2.0,1.0,15.0,,3.0,1.0,1.0,,,,,,,27.0,,,,19.0,,11.0,,,1.0,,,,,,4.0,,,,,,,,,,,,,2.0,,,,25.0,,,,,,,,,,,,,,,,25.0,,,,,6.0,4.0,,,,16.0,,,,,,,,,,,,,,,,,,,,,,,2013-08-22
3.11,7.0,,,5.0,,,,,2.0,,,,,,,,,,,,,1.0,,4.0,,,1.0,7.0,5.0,2.0,,,,,,,8.0,12.0,,,,26.0,,,,,,12.0,,,,2.0,,11.0,1.0,11.0,20.0,,,14.0,6.0,2.0,,,,,,,,2.0,,,,1.0,,9.0,,1.0,,,,1.0,35.0,,,,26.0,,22.0,,,,,,,,1.0,,,,,,,4.0,,,,,,,6.0,,,,2.0,,,,,,,,,,,,,,,,52.0,,,,17.0,16.0,,,,,22.0,,,,,,,,,,,,,,,,,,,,,,,2013-09-04
3.12,4.0,,,,,,,,2.0,1.0,,,,,,1.0,1.0,,,,,,2.0,6.0,,2.0,,1.0,,1.0,,,,,,,1.0,13.0,,,,7.0,,,,,1.0,3.0,,,1.0,,,5.0,7.0,15.0,6.0,,,6.0,4.0,,,,,,4.0,,,6.0,,,1.0,2.0,,,,,,,,,4.0,,,1.0,9.0,,,,,,,,,,,3.0,,,,,,,1.0,,,,,,1.0,,,,,,,,,,,,,,,,,,,,23.0,,,,9.0,16.0,,,,,2.0,,,,,,,,,,,,,,,,,,,,,,,2013-10-01
3.13,18.0,9.0,,,,,,,9.0,1.0,,,,,,,1.0,,,,,,,8.0,2.0,,1.0,1.0,2.0,,,,,,,,5.0,16.0,,,,8.0,,,,,,1.0,1.0,4.0,,,,19.0,13.0,32.0,13.0,,,18.0,7.0,2.0,,,,1.0,32.0,,,18.0,,,,1.0,,1.0,,,,,3.0,,21.0,,,12.0,8.0,,13.0,,,,,,1.0,,,3.0,,,2.0,1.0,7.0,1.0,,,13.0,,,,5.0,,,,,,,,,,,,,,,1.0,,,,7.0,23.0,,,,10.0,13.0,,,,,5.0,,,,,,,,,,,,,,,,,,,,,,,2013-10-29
3.14,54.0,13.0,1.0,,,,3.0,1.0,17.0,22.0,,2.0,,,27.0,,,,,8.0,,,,13.0,11.0,1.0,,31.0,1.0,,,1.0,6.0,4.0,,19.0,1.0,72.0,,,1.0,2.0,2.0,1.0,,,,16.0,1.0,5.0,1.0,1.0,,35.0,15.0,71.0,10.0,,,45.0,15.0,4.0,,,,3.0,64.0,,,40.0,,1.0,,2.0,,4.0,1.0,1.0,,,23.0,,10.0,,1.0,58.0,2.0,,4.0,1.0,31.0,,3.0,,1.0,,18.0,2.0,2.0,,12.0,,3.0,1.0,,1.0,3.0,,,,,,,,1.0,,,,,,,,,,,8.0,,,,31.0,9.0,,,,8.0,6.0,,,,,10.0,,,,,,,,,,,,,,,,,,,,,,,2013-11-20
3.15,36.0,21.0,,,,,2.0,1.0,,19.0,,,,,32.0,,3.0,,1.0,,,,2.0,1.0,1.0,4.0,,8.0,,1.0,,,,,,30.0,3.0,71.0,,,,,4.0,,,,,3.0,,,6.0,,,9.0,1.0,29.0,7.0,,,30.0,11.0,,,,,1.0,36.0,,,24.0,,,,,,,,15.0,,,20.0,3.0,3.0,,,20.0,1.0,,,,6.0,,,,,,11.0,3.0,6.0,,8.0,,,,,,1.0,,,,,,,,,7.0,,,,,,,,,,9.0,,,,15.0,,,,,13.0,,,,,,24.0,,,,,,,,,,,,,,,,,,,,,,,2013-12-13
4.1,32.0,17.0,,,,1.0,28.0,,2.0,28.0,,,,,1.0,1.0,1.0,,1.0,,,,,,4.0,3.0,,,,,,,,,,10.0,,83.0,,,,,,,,1.0,,10.0,,,,,,13.0,,49.0,8.0,5.0,,12.0,1.0,,,,,,4.0,,,26.0,12.0,,,,1.0,,,10.0,,,7.0,,,,,3.0,,,1.0,,,,,,,,25.0,,1.0,2.0,15.0,,,,,,,,,,,,,,,29.0,,,,,,,,,,5.0,,,,5.0,5.0,,,,24.0,,,,,,24.0,,,,,,,,,,,,,,,,,,,,,,,2014-01-15
4.2,22.0,3.0,,,,,25.0,,,17.0,,,,,11.0,,,,,,,,,2.0,1.0,,,5.0,1.0,2.0,,,,,,12.0,,69.0,,,,,,,,4.0,,11.0,,,1.0,,,15.0,2.0,46.0,,2.0,,23.0,2.0,,,,,,8.0,,,25.0,24.0,,,,,,,4.0,,,8.0,,,,,7.0,,,,,,1.0,,,,,12.0,8.0,2.0,,10.0,,,,,,,,,,,,,,,27.0,,,,,,,,,,2.0,,,,2.0,1.0,,,,10.0,1.0,,,,,30.0,,,,,,,,,,,,,,,,,,,,,,,2014-02-10
4.3,31.0,1.0,,,,,64.0,,3.0,7.0,,,10.0,,30.0,3.0,,,,,,,,8.0,4.0,,,47.0,,3.0,,,,2.0,,6.0,,138.0,2.0,,,,1.0,,1.0,12.0,,24.0,,4.0,,,,42.0,5.0,107.0,2.0,4.0,,53.0,2.0,,,,,,25.0,,,47.0,37.0,,,,,,,12.0,,,12.0,,,,,20.0,,,1.0,,1.0,,,,,,49.0,87.0,7.0,,25.0,,2.0,,,,1.0,,,,1.0,,,,,17.0,,,,,,,,,,4.0,,,,25.0,,,,,4.0,10.0,,,,,69.0,,,,,,,,,,,,,,,,,,,,,,,2014-02-27
4.4,19.0,,,,,,47.0,,1.0,2.0,,,19.0,,7.0,2.0,,,,,,,1.0,4.0,2.0,,,28.0,4.0,,,,1.0,,,3.0,,39.0,,,,,1.0,,,3.0,,19.0,,2.0,,1.0,,30.0,2.0,34.0,1.0,,,40.0,4.0,,,,6.0,,27.0,,1.0,20.0,14.0,,,,,,,18.0,,,2.0,,,,,1.0,,,,,,,,,,,50.0,83.0,9.0,,59.0,,,,,,2.0,,,,2.0,,,,,21.0,,,,,,,,,,3.0,,,,8.0,15.0,,,,4.0,,,,,,44.0,,,,,,,,,,,,,,,,,,,,,,,2014-03-18
4.5,7.0,,,10.0,1.0,,72.0,,1.0,,,,66.0,1.0,3.0,27.0,,,,,,,,53.0,7.0,,,40.0,11.0,2.0,,,,,,10.0,,,13.0,,,1.0,14.0,,,3.0,,3.0,,7.0,,13.0,,35.0,2.0,6.0,6.0,1.0,,33.0,5.0,,,,,,41.0,,,8.0,29.0,,,,,,,22.0,,,5.0,,,,,1.0,,,1.0,,,,,,,,72.0,77.0,2.0,,95.0,,,,,,3.0,,,,1.0,,,,,15.0,,,,,,,,,,,,,,15.0,1.0,,,,3.0,,,,,,47.0,,,,,,,,,,,,,,,,,,,,,,,2014-04-03
4.6,1.0,,,9.0,2.0,,40.0,,,4.0,,,21.0,,,15.0,,,,,,,,38.0,2.0,,,3.0,12.0,,,1.0,,,,2.0,,8.0,,,,,2.0,,1.0,,,5.0,,,,3.0,,3.0,,9.0,10.0,,,17.0,,5.0,,,,,16.0,,,,17.0,,,,,,,9.0,,,1.0,,,,,4.0,,,,,2.0,,,,,,23.0,15.0,,,40.0,,,,,,4.0,,,,,,,,,8.0,,,,,,,,,,,,,,3.0,,,,,,,,,,,29.0,,,,,,,,,,,,,,,,,,,,,,,2014-04-21
4.7,,,,2.0,,,17.0,,,6.0,,,,,,13.0,,,,,,,,33.0,5.0,,,15.0,23.0,,,,,,,1.0,,34.0,4.0,,,,,,,2.0,,,,,,1.0,,1.0,,8.0,1.0,,,4.0,,,,,,,8.0,,,,,,,,,,,5.0,,,,,,,,11.0,,,,,1.0,,,,,,8.0,16.0,2.0,,4.0,,,,,,,,,,,,,,,9.0,,,,,,,,,,,,,,2.0,,,,,,1.0,,,,,15.0,,,,,,,,,,,,,,,,,,,,,,,2014-05-08
4.8,1.0,,,4.0,,,21.0,,,11.0,,,3.0,,,9.0,,,,1.0,,,,24.0,8.0,,,12.0,11.0,,,,,,,,,41.0,1.0,,,,,,,,,,,,,,,,,6.0,3.0,,,10.0,,,,,,,10.0,,,1.0,,,,,,,,1.0,,,,,,,,13.0,,,1.0,,,,,,,,8.0,11.0,,,10.0,,,,,,,,,,,,,,,21.0,,,,,,,,,,,,,,5.0,,,,,,,2.0,,,,15.0,,,,,,,,,,,,,,,,,,,,,,,2014-05-22
4.9,1.0,,,9.0,,,30.0,1.0,,25.0,,,2.0,,,2.0,,,,,,,,21.0,6.0,,1.0,13.0,12.0,,,,,,,,,39.0,3.0,,,2.0,,,,,,1.0,,,,,,4.0,1.0,8.0,1.0,,,24.0,,,,,,,14.0,,,1.0,2.0,,,,,,,,,,,1.0,,,,2.0,,,2.0,,2.0,,,,,,17.0,15.0,,,3.0,,1.0,,,,5.0,,,,,,,,,13.0,,,,,,18.0,,,,,,,,7.0,,,,,,,2.0,,,,12.0,,,,,,,,,,,,,,,,,,,,,,,2014-06-04
4.10,3.0,,,45.0,,,28.0,,,83.0,,,6.0,1.0,,1.0,,3.0,,2.0,,,,43.0,9.0,,,18.0,13.0,1.0,,,,1.0,,1.0,,109.0,4.0,,1.0,,1.0,,,1.0,,1.0,,1.0,,,,1.0,2.0,14.0,10.0,,,48.0,,,,,,,5.0,,,4.0,7.0,,,,,,,,,,,10.0,,,,,,,5.0,,16.0,,,,,,33.0,49.0,,,5.0,,1.0,,,,8.0,,,,2.0,,,,,43.0,,,,,,52.0,,,,1.0,,,,2.0,,,,,,4.0,2.0,,,,26.0,,,,,,,,,,,,,,,,,,,,,,,2014-06-18
4.11,4.0,,,45.0,,,4.0,,,48.0,,,6.0,,,,1.0,7.0,,2.0,,,,38.0,9.0,,,17.0,6.0,,,1.0,,,,2.0,,98.0,2.0,,,1.0,,,,2.0,,1.0,,,,,,2.0,10.0,11.0,10.0,,,39.0,,,,,,,2.0,,,24.0,3.0,,,,,,,,,1.0,,24.0,,,1.0,2.0,,,15.0,,7.0,1.0,,,,,23.0,46.0,,,2.0,,6.0,,,,8.0,,,,,,,,,46.0,,,,,,40.0,,,,,,,,4.0,2.0,,,,,3.0,2.0,,,,23.0,,,,,,,,,,,,,,,,,,,,,,,2014-07-02
4.12,,,,36.0,,,,,2.0,15.0,,1.0,,,,,1.0,8.0,,,,,,13.0,8.0,10.0,,16.0,5.0,,,,,,,2.0,,102.0,3.0,,,1.0,,,,,,,,,2.0,,17.0,,3.0,11.0,19.0,,,56.0,,,,3.0,,,16.0,,,43.0,,,,,,,,5.0,,,1.0,17.0,,1.0,2.0,,1.0,,22.0,,24.0,,,,,,31.0,54.0,,,1.0,,6.0,,,,21.0,,,,,,,,,49.0,,,,,,36.0,,,,4.0,,,,2.0,1.0,,,,1.0,5.0,5.0,,,,23.0,,,,,,,,,,,,,,,,,,,,,,,2014-07-16
4.13,,,,27.0,,,,,,3.0,,25.0,3.0,,,,,12.0,,,,,,2.0,5.0,41.0,,6.0,15.0,,,,,,,8.0,,71.0,7.0,,,,,,,,,,,,,,57.0,,3.0,8.0,20.0,,,29.0,,,,,,,20.0,,,12.0,,2.0,,,,,,1.0,,,1.0,17.0,,,,,10.0,,13.0,,39.0,,,,,,18.0,20.0,,,6.0,,8.0,,,,6.0,,,,,,,,,40.0,,,,,,13.0,,,,,,,,7.0,7.0,,,,1.0,3.0,10.0,,,,13.0,,,,,,,,,,,,,,,,,,,,,,,2014-07-30
4.14,,,,8.0,,,,,,3.0,,146.0,45.0,,,,,23.0,,23.0,,,,1.0,1.0,97.0,,1.0,17.0,,1.0,,1.0,,,,,8.0,17.0,9.0,,2.0,,,,,,,,,,,92.0,,5.0,2.0,32.0,,,50.0,3.0,15.0,,,,,61.0,,1.0,5.0,,,,,,,,,,,,4.0,,,3.0,,2.0,,28.0,,26.0,,,,,,15.0,13.0,,,14.0,,9.0,,,,39.0,,,,,,,,,39.0,,,,,,10.0,,,,3.0,,,,17.0,51.0,,,,,6.0,5.0,,,,31.0,,,,,,,,,,,,,,,,,,,,,,,2014-08-13
4.15,,,,1.0,,,,,2.0,6.0,,26.0,7.0,,,,,,,,,,,3.0,,9.0,,1.0,2.0,,,,,,,2.0,,9.0,5.0,2.0,,,,,,,,,,,,1.0,27.0,,,,7.0,,,4.0,,1.0,,,,,5.0,,,,,,,,,,,,,1.0,,3.0,,,,,,,6.0,,4.0,,,,,,,,,,1.0,,2.0,,,,,,,,,,,,,9.0,,,,,,2.0,,,,,,,,2.0,11.0,,,,,,,,,,7.0,,,,,,,,,,,,,,,,,,,,,,,2014-08-27
4.17,,,,,,,,,,,,,3.0,,,,,,,,,,,,,3.0,,,,,,,,,,,,3.0,1.0,,,,,,,,,,,,,,6.0,,2.0,,1.0,,,7.0,,2.0,,,,,5.0,,,,,,,,,,,,,,,,,,2.0,,,,,,,,,,,,,,,,2.0,,2.0,,,,,,,,,,,,,3.0,,,,,,,,,,,,,,,,,,,,,,,,,,,,,,,,,,,,,,,,,,,,,,,,2014-09-25
4.18,,,,,,,,,,,,7.0,8.0,,,,,,,,,,,,,14.0,,,,,,,,,,,,,2.0,1.0,,,,,,,,,,,,,11.0,,,,,,,9.0,,8.0,,,,,5.0,,,,,,,,,,,,,2.0,,,,,,,,,,,2.0,,,,,,,,,,3.0,,5.0,1.0,,,1.0,,,,,,,,,,,,,,,2.0,,,,,,,,6.0,1.0,,,,,,,,,,2.0,,,,,,,,,,,,,,,,,,,,,,,2014-10-09
4.19,,,,2.0,,,2.0,,2.0,,,,,,,1.0,,,,,,,,,,2.0,,,,,,,1.0,,,,,1.0,12.0,4.0,,4.0,,,,,,,,2.0,,1.0,16.0,,7.0,,7.0,,,18.0,4.0,12.0,,,,,,,,,,,,,,,,,,1.0,,,,,11.0,,2.0,,3.0,,16.0,,,,,4.0,1.0,2.0,3.0,,4.0,,25.0,,,,18.0,,,,,,,37.0,,,,,,,,,,,,,,,,4.0,14.0,,,,,,,,,,14.0,,,,,,,,,,,,,,,,,,,,,,,2014-11-05
4.20,,,,,,,9.0,,,2.0,,,,3.0,1.0,7.0,,,13.0,1.0,,,,,,,,,,1.0,,,,,,,,12.0,7.0,5.0,,8.0,,,,,,,,,1.0,,5.0,,5.0,,1.0,,,10.0,8.0,14.0,,,,,,,1.0,,6.0,,,,,,,,,,,,,,2.0,,8.0,2.0,,,1.0,,,,,,,,,,,,11.0,9.0,,,13.0,,,,,,,34.0,,,,,,,,,,,,,,,,1.0,23.0,,,,,,,4.0,,,12.0,,,,,,,,,,,,,,,,,,,,,,,2014-11-20
4.21,6.0,,5.0,1.0,,,63.0,,3.0,1.0,,3.0,,5.0,7.0,,,4.0,32.0,,,,,1.0,23.0,1.0,,,,,,,,,,3.0,,45.0,33.0,43.0,,13.0,,,1.0,,,,1.0,,,,21.0,1.0,48.0,2.0,7.0,,,35.0,,29.0,12.0,,,,1.0,,6.0,,42.0,1.0,,,,1.0,,3.0,,,,,,,37.0,,3.0,,42.0,,12.0,,1.0,1.0,2.0,,,16.0,,,2.0,,35.0,78.0,,,60.0,,,,,,,73.0,,,,,,,,,,,,,,,,7.0,51.0,,,,1.0,2.0,2.0,32.0,,,26.0,,41.0,,,,,,,,,,,,,,,,,,,,,2014-12-10
5.1,17.0,,2.0,2.0,,2.0,72.0,,2.0,,,8.0,3.0,,35.0,1.0,,7.0,,2.0,,1.0,,4.0,7.0,2.0,,2.0,1.0,,,,,,,3.0,,101.0,52.0,63.0,,5.0,1.0,,,,,1.0,,,4.0,2.0,9.0,1.0,51.0,1.0,1.0,,,25.0,,44.0,29.0,,,,2.0,,6.0,3.0,7.0,4.0,,,,,,1.0,,,4.0,1.0,,,24.0,,6.0,1.0,31.0,,17.0,1.0,,,5.0,,1.0,11.0,,10.0,1.0,,4.0,119.0,,,21.0,,,,,,,84.0,,2.0,,,,,,,,,,,,,,,60.0,,,,2.0,,1.0,93.0,,,23.0,,135.0,,12.0,,,,,,,,,,,,,,,,,,,2015-01-15
5.2,24.0,1.0,1.0,,,,66.0,,1.0,,,2.0,,3.0,22.0,2.0,,5.0,,9.0,,,,9.0,21.0,,,,,,,,,,,,,133.0,47.0,67.0,,15.0,,,2.0,,1.0,4.0,3.0,,4.0,,20.0,,70.0,,6.0,,,23.0,,54.0,12.0,,,,31.0,,2.0,,7.0,1.0,,,,3.0,,4.0,,,7.0,,,,61.0,,59.0,4.0,12.0,,18.0,,,,7.0,,,18.0,5.0,7.0,,,1.0,112.0,,,7.0,,,,,,,88.0,,,,,,,,,,,,,,,,,28.0,,,,4.0,,,76.0,,,31.0,,112.0,,24.0,,,,,,,,,,,,,,,,,,,2015-01-28
5.3,38.0,,1.0,,,,68.0,,,,,3.0,,14.0,18.0,,,,,2.0,,1.0,,12.0,35.0,,,,,1.0,,,,,,3.0,,130.0,48.0,34.0,,4.0,,,44.0,,,,1.0,,3.0,,21.0,,44.0,,,1.0,,19.0,,58.0,19.0,,,,66.0,,,,4.0,7.0,,,,10.0,,6.0,,,1.0,1.0,,,31.0,,49.0,7.0,11.0,,10.0,,,3.0,6.0,,,17.0,4.0,15.0,,,,107.0,,,,,,,,,,50.0,,,,,,,,1.0,,,,,,,,,41.0,,,,26.0,,,20.0,,,27.0,,60.0,,60.0,,,,,,,,,,,,,,,,,,,2015-02-11
5.4,22.0,3.0,,1.0,,,64.0,,,,,,,14.0,15.0,,,,,3.0,,,,4.0,40.0,,,,,,,,,,,,,60.0,24.0,40.0,,5.0,,,65.0,,1.0,,1.0,2.0,,,25.0,,24.0,,,,,10.0,,35.0,8.0,,,,83.0,1.0,,,3.0,4.0,,,,14.0,,,,,2.0,1.0,,,29.0,,58.0,5.0,14.0,,9.0,,,22.0,13.0,,,37.0,2.0,28.0,,,,114.0,4.0,,,,,,,,,29.0,1.0,3.0,,,,,,1.0,,,,1.0,,,,2.0,37.0,,,,14.0,,1.0,31.0,,,11.0,,75.0,,56.0,,,,,,,,,,,,,,,,,,,2015-02-25
5.5,49.0,2.0,,5.0,,14.0,102.0,4.0,,,,1.0,,18.0,16.0,,,,,10.0,,,,5.0,43.0,,,1.0,,9.0,17.0,,,1.0,,,,4.0,24.0,25.0,,5.0,,,1.0,,1.0,2.0,1.0,,3.0,,59.0,,16.0,,6.0,,,22.0,,43.0,30.0,,,,61.0,,,2.0,12.0,3.0,,,,13.0,,15.0,,,,11.0,2.0,,47.0,,44.0,11.0,14.0,,19.0,,5.0,11.0,52.0,,,52.0,,50.0,,,,61.0,7.0,,,,,,,,,13.0,1.0,2.0,,,,,,1.0,,,,,,,,2.0,34.0,,,,6.0,,,3.0,,,41.0,,108.0,,56.0,,,,,,,,,,,,,,,,,,,2015-03-12
5.6,34.0,,1.0,14.0,,46.0,92.0,19.0,,,,,6.0,27.0,15.0,,,,,12.0,,,,4.0,47.0,,,,,4.0,19.0,,,,,4.0,,3.0,11.0,27.0,1.0,4.0,,,,,,4.0,,,8.0,,56.0,,6.0,,6.0,,,12.0,,45.0,32.0,,,,44.0,1.0,,25.0,2.0,5.0,,1.0,,11.0,1.0,2.0,,,5.0,7.0,,,32.0,9.0,23.0,20.0,9.0,,2.0,,16.0,7.0,55.0,,3.0,63.0,4.0,65.0,,,,30.0,16.0,,3.0,,,,,,,10.0,2.0,3.0,,,,,,,,,,8.0,,,,7.0,39.0,,,,3.0,,,19.0,,,21.0,,73.0,,49.0,,,,,,,,,,,,,,,,,,,2015-03-25
5.7,17.0,,,7.0,,60.0,102.0,27.0,,,,3.0,5.0,13.0,16.0,,,,,40.0,,,,,45.0,,,,,4.0,19.0,,,2.0,,,,9.0,5.0,33.0,,,,,,10.0,,,4.0,,,,34.0,,12.0,,8.0,,,6.0,,14.0,27.0,,,,7.0,5.0,,42.0,,,,,,6.0,,1.0,,,2.0,3.0,,,10.0,11.0,21.0,1.0,6.0,,1.0,,20.0,,59.0,,1.0,70.0,3.0,68.0,,,1.0,23.0,7.0,,,,,,,,,15.0,11.0,,,,,,,1.0,,,,7.0,,,,,26.0,,,,1.0,1.0,,51.0,,,15.0,,61.0,,83.0,1.0,,,,,,,,,,,,,,,,,,2015-04-08
5.8,2.0,,,2.0,,15.0,50.0,17.0,,,,4.0,,6.0,4.0,,,,,17.0,,,,,19.0,,,1.0,,,5.0,,,,,,,5.0,4.0,1.0,,,,,,,,,,,1.0,,12.0,,,,6.0,,,1.0,2.0,8.0,26.0,,,,6.0,3.0,,35.0,,,,,,,,2.0,,,,5.0,,,,4.0,4.0,1.0,5.0,,,,11.0,,17.0,,,23.0,,45.0,,,1.0,,,,,,,,,,,19.0,,,,,,,,,,,,3.0,,,,,19.0,,,,,,,42.0,,,16.0,,38.0,,49.0,2.0,,,,,,,,,,,,,,,,,,2015-04-28
5.9,4.0,,1.0,4.0,,46.0,114.0,21.0,,,,82.0,13.0,13.0,31.0,,,1.0,,21.0,,7.0,,2.0,23.0,,,10.0,,,9.0,,,,,,,17.0,6.0,9.0,,1.0,,,,,,,,,1.0,,52.0,1.0,2.0,,8.0,,,,8.0,18.0,82.0,,,,14.0,,,97.0,,,,,,,,,,,,4.0,,,1.0,,6.0,,21.0,,,11.0,6.0,22.0,31.0,,1.0,18.0,3.0,80.0,,,,,4.0,,,,,,,,,30.0,,3.0,,,,,,,,,,7.0,,,,2.0,9.0,,,,,,,103.0,,,18.0,,82.0,,162.0,13.0,,,,,,,,,,,,,,,,,,2015-05-14
5.10,10.0,,,3.0,,17.0,103.0,11.0,,,,94.0,122.0,1.0,35.0,,,,,1.0,,3.0,,2.0,21.0,,,9.0,,,2.0,,,,1.0,,,7.0,5.0,3.0,,,,,,,,,,,2.0,,33.0,,1.0,,1.0,,,,4.0,29.0,27.0,,1.0,,7.0,,,74.0,,,,,,,,,,,1.0,8.0,,,5.0,,5.0,,35.0,,,24.0,2.0,22.0,6.0,,3.0,24.0,5.0,48.0,,,,1.0,,,,,,,,,,12.0,,3.0,,,,,,,,,,1.0,,,,3.0,3.0,,22.0,,,,,59.0,,,31.0,,49.0,,127.0,3.0,,,,,,,,,,,,,,,,,,2015-05-28
5.11,18.0,1.0,,13.0,,10.0,12.0,23.0,,,1.0,111.0,196.0,4.0,57.0,,,,,10.0,,7.0,,4.0,18.0,,,12.0,,,2.0,,,2.0,,,,4.0,8.0,4.0,,1.0,,,,,,4.0,,,2.0,,43.0,1.0,4.0,,1.0,,,2.0,8.0,59.0,29.0,,,,25.0,,,89.0,,,,,,,,,,,3.0,9.0,10.0,1.0,5.0,,5.0,,58.0,,,17.0,15.0,26.0,10.0,,6.0,11.0,4.0,45.0,,,14.0,,3.0,,3.0,,,,,,,22.0,,3.0,,,,,,,,,,2.0,,,,1.0,6.0,,83.0,,,,,94.0,,,28.0,,52.0,,168.0,8.0,,,,,,,,,,,,,,,,,,2015-06-10
5.12,35.0,3.0,,26.0,,5.0,,21.0,,,7.0,110.0,167.0,3.0,73.0,,,1.0,,1.0,,1.0,,4.0,17.0,,,16.0,,1.0,2.0,,,,1.0,1.0,,9.0,6.0,8.0,2.0,6.0,,,,,,1.0,,,2.0,,37.0,,4.0,,1.0,,1.0,7.0,7.0,51.0,11.0,,,,25.0,1.0,,94.0,,38.0,,,,,,1.0,,,6.0,4.0,19.0,,1.0,,12.0,1.0,37.0,,1.0,21.0,19.0,34.0,6.0,1.0,,14.0,6.0,40.0,,,16.0,,3.0,,1.0,,,,,,,20.0,1.0,8.0,,,,,,,,,,,,,,,11.0,,51.0,,,,,99.0,,,42.0,,58.0,,181.0,6.0,,,,,,,,,,,,,,,,,,2015-06-24
5.13,26.0,2.0,,34.0,,9.0,2.0,14.0,,,2.0,94.0,201.0,3.0,48.0,,,8.0,,,,,,5.0,18.0,,,25.0,,,,,,,,,,,13.0,9.0,1.0,4.0,1.0,,,,,,,,,,34.0,,2.0,1.0,9.0,,,4.0,18.0,47.0,6.0,,,,47.0,,3.0,55.0,,56.0,,,,,,,,,2.0,13.0,49.0,,,,9.0,,66.0,,,18.0,15.0,35.0,6.0,,1.0,4.0,5.0,22.0,,,16.0,,2.0,,1.0,,,,,,,25.0,1.0,7.0,1.0,,,,,11.0,,,,,1.0,,,3.0,8.0,,31.0,,,,,108.0,,,39.0,,59.0,,172.0,9.0,,,,,,,,,,,,,,,,,,2015-07-08
5.14,23.0,8.0,,65.0,,6.0,,8.0,,,,39.0,84.0,1.0,29.0,4.0,,9.0,,,,1.0,,6.0,16.0,1.0,,18.0,2.0,,,,,,,,,7.0,24.0,27.0,12.0,1.0,1.0,,,1.0,,,,,,,26.0,,2.0,44.0,5.0,,,5.0,12.0,45.0,,,,,64.0,,,42.0,,20.0,,,,2.0,,,,,4.0,8.0,51.0,,,2.0,19.0,,55.0,,2.0,16.0,7.0,62.0,,,,50.0,1.0,6.0,,,12.0,1.0,9.0,,1.0,,,,,,,12.0,,18.0,,,,,,24.0,,,,4.0,4.0,,,,5.0,,29.0,,,,,89.0,,,17.0,,51.0,,176.0,,,,,,,,,,,,,,,,,,,2015-07-22
5.15,11.0,13.0,,70.0,,,,7.0,,,,29.0,50.0,1.0,15.0,1.0,,4.0,,4.0,,2.0,,,3.0,5.0,,15.0,1.0,,,,,,,,,,10.0,19.0,52.0,5.0,,,,1.0,,,,8.0,,,11.0,,,53.0,1.0,,,9.0,22.0,14.0,3.0,,,,24.0,,,27.0,,2.0,,,,3.0,,,1.0,,4.0,12.0,66.0,,,,17.0,,38.0,,8.0,9.0,2.0,54.0,,22.0,,35.0,,12.0,,,7.0,,18.0,,,,,,,,,21.0,,23.0,,,,,,26.0,,,,1.0,2.0,,,,,,25.0,,,,,93.0,,,24.0,,49.0,,103.0,,,,,,,,,,,,,,,,,,,2015-08-05
5.16,,,,5.0,,,,,,,,,,,,,,,,,,1.0,,,,,,,1.0,,,,,,,,,,,,6.0,,,,,,,,,,,,,,,3.0,,,,,2.0,,,,,,13.0,,,,,,,,,,,,,,5.0,,,,,,,,5.0,,,,,5.0,,8.0,,9.0,,,,1.0,,,5.0,,,,,,,,,,,13.0,,,,,,,,,,,,,,,,,2.0,,,,,12.0,,,,,3.0,,15.0,,,,,,,,,,,,,,,,,,,2015-08-20
5.18,1.0,2.0,,16.0,,,6.0,,,,,3.0,2.0,,,,,,,,,4.0,,,2.0,,,,,,,,,,,,,,,,69.0,,,,10.0,,,,,4.0,,,,4.0,,32.0,,,,10.0,1.0,1.0,,,,,3.0,,,4.0,,,68.0,,,5.0,,,,,,1.0,3.0,,,,,,5.0,,,4.0,,1.0,,4.0,,43.0,,,,15.0,,,2.0,,,,,,,,,2.0,,6.0,,,,,,3.0,,,,4.0,20.0,,,,,,,,,,,28.0,,,6.0,,19.0,,25.0,,,,,,,,,,,,,,,,,,,2015-09-16
5.20,,3.0,,,,,,,,,,1.0,,,,,,,,,,,,,8.0,,,,,,,,,,,,,1.0,,,10.0,,,,3.0,,,,,,,,,,,8.0,,,,,,,,,,,,,,1.0,,,6.0,,,1.0,,,,,2.0,,2.0,,,,,,,,,,,,,1.0,,6.0,,,,1.0,,,,,,,,,,,,,,,,,,,,,,,,,6.0,,,,,,,,,,,,,,,,4.0,,2.0,,,,,,,,,,,,,,,,,,,2015-10-14
5.21,,3.0,,8.0,,,1.0,,,,2.0,13.0,32.0,,,,,2.0,,,,3.0,,,6.0,,,2.0,,1.0,,,,1.0,,4.0,,12.0,,,46.0,,,,4.0,,,,,5.0,,,,4.0,,34.0,,,,8.0,1.0,1.0,,,,,3.0,,,5.0,,,4.0,,,2.0,,,,,13.0,,8.0,,,,,,2.0,,,,,,,9.0,,39.0,,3.0,,,3.0,10.0,1.0,,,,,,,,,2.0,,,1.0,,,,,2.0,,55.0,,2.0,40.0,,,,1.0,,,,,,,2.0,,,5.0,,13.0,,39.0,3.0,,,,,,,,,,,,,,,,,,2015-10-29
5.22,,,,1.0,,,,,,,,2.0,10.0,2.0,,,,,,,2.0,,,,,,,1.0,,,,,,,,14.0,,4.0,,,8.0,,,,,,,1.0,,,,,,,,7.0,,,,,,,,,,,,,,,,,,,,,,,,,,,,,,,2.0,,,,,,,,,,,3.0,,2.0,,,,3.0,,,,,,,,,,,,4.0,,,,,,,,6.0,,,7.0,,,6.0,,,3.0,,,,,,,,,,4.0,,4.0,,,,,,,,,,,,,,,,,,,2015-11-11
5.23,,,,,,,1.0,,,,,2.0,6.0,,,4.0,,1.0,,,,,,,,,,,,,,,,,,8.0,,3.0,,,17.0,,,,,5.0,,,,3.0,,,,,,3.0,,,,3.0,,,,,,,2.0,,,,,,,,,,,,,,,,,,,,,,1.0,,,1.0,,5.0,,,,11.0,,,,,,4.0,,,,,,,,,,,,,,,,,,,,6.0,,,,,,1.0,,,,,,,,,,,3.0,,,,3.0,9.0,,,,,,,,,,,,,,,,,,2015-11-24
5.24,,2.0,,11.0,,,36.0,,,,,29.0,117.0,1.0,,,,3.0,,,48.0,,,2.0,,1.0,,,,2.0,,,,,,36.0,,3.0,,2.0,123.0,17.0,,,,22.0,,,,,,,,,1.0,6.0,,,,10.0,,2.0,,,,,10.0,,17.0,,,3.0,,,,,,,,,,,7.0,3.0,,,2.0,17.0,2.0,,4.0,,3.0,3.0,,21.0,,89.0,,8.0,,,,40.0,,24.0,6.0,,,,,,,,,,,,,,,,,39.0,,,38.0,,,,6.0,,4.0,,,,,3.0,,,10.0,,22.0,,12.0,,,,,,,,,,,,,,,,,,,2015-12-09
6.1,,5.0,,25.0,,,15.0,,,,,60.0,156.0,,,,,2.0,,,,,,,8.0,10.0,,,,2.0,,,,3.0,,11.0,,18.0,,2.0,196.0,65.0,,,,28.0,,1.0,,15.0,,,,,2.0,22.0,,,,17.0,,,,,,,30.0,,96.0,,,10.0,,,,,,,,,,1.0,16.0,6.0,,,8.0,69.0,5.0,,3.0,1.0,1.0,18.0,,54.0,,131.0,,,,1.0,,66.0,,25.0,6.0,,,,,,,1.0,2.0,5.0,,,,,,3.0,,32.0,,,135.0,,,3.0,25.0,,,,,,,3.0,,,10.0,,24.0,,55.0,6.0,,,,,,,,,,,,,,,,,,2016-01-14
6.2,,,,23.0,,,12.0,,,,,83.0,107.0,,,1.0,,,,,,,,1.0,6.0,15.0,,,,,,,,,,1.0,,,,9.0,109.0,73.0,2.0,,,13.0,,2.0,,13.0,,,,,,33.0,,,,8.0,,,,,,,53.0,1.0,105.0,,,5.0,,,1.0,,,,,,,5.0,5.0,9.0,,,7.0,62.0,,,,,5.0,8.0,,62.0,1.0,108.0,1.0,,,,,29.0,,36.0,1.0,,,,,,,,3.0,2.0,,,,,,9.0,1.0,19.0,,,12.0,,,11.0,20.0,,1.0,,,,,2.0,,,16.0,,9.0,,77.0,14.0,,,,,,,,,,,,,,,,,,2016-01-28
6.3,,,,20.0,,,24.0,,,3.0,,69.0,,,,2.0,,1.0,,,,,,,10.0,31.0,,,,,,,12.0,4.0,,,,3.0,,2.0,98.0,69.0,,,,12.0,,1.0,1.0,39.0,,,,,,26.0,4.0,,,11.0,1.0,5.0,,,,,97.0,2.0,62.0,61.0,,5.0,,,2.0,,1.0,,,,,149.0,7.0,5.0,1.0,,2.0,9.0,2.0,,,1.0,33.0,24.0,,80.0,2.0,166.0,1.0,,,,,48.0,4.0,35.0,2.0,,,,,,,,4.0,7.0,,,,,,25.0,5.0,20.0,,,3.0,,,9.0,45.0,,2.0,,,1.0,,,,,10.0,,8.0,,132.0,16.0,,,,,,,,,,,,,,,,,,2016-02-10
6.4,,,,28.0,,,27.0,,,2.0,,30.0,3.0,,10.0,1.0,,,1.0,,,1.0,,1.0,3.0,20.0,,,4.0,,,,10.0,5.0,,,,,,1.0,47.0,69.0,1.0,,,15.0,,3.0,,4.0,,,,,,17.0,,,,6.0,,4.0,,,,,106.0,2.0,37.0,43.0,1.0,1.0,,,,,,,,,,50.0,1.0,10.0,,,,8.0,1.0,,,9.0,22.0,,,33.0,,118.0,,,,,,41.0,3.0,23.0,1.0,,,,,,,,3.0,4.0,,,,,,31.0,9.0,19.0,,,9.0,,,5.0,24.0,,1.0,,,,,7.0,,,6.0,,,,116.0,9.0,,,,,,,,,,,,,,,,,,2016-02-24
6.5,,,,27.0,,,43.0,,,1.0,1.0,63.0,12.0,,23.0,7.0,,,,,,,,8.0,15.0,13.0,,4.0,,,,,8.0,,,,,2.0,,2.0,67.0,78.0,,,,59.0,,,,,,,1.0,,,17.0,,,,10.0,,,1.0,,,,157.0,2.0,78.0,66.0,,6.0,,,,,,,,,,7.0,1.0,5.0,,,5.0,48.0,2.0,,,14.0,16.0,6.0,,34.0,,97.0,,,,,,39.0,1.0,26.0,,,,,,,,,,,1.0,,,,,37.0,12.0,91.0,,,2.0,,,4.0,38.0,,8.0,,,,,67.0,,,8.0,,2.0,,152.0,7.0,,,,,,,,,,,,,,,,,,2016-03-09
6.6,,,,50.0,,,29.0,,,,,67.0,100.0,,62.0,13.0,,3.0,,,,1.0,,,11.0,15.0,,2.0,1.0,,,,,,,,,3.0,,6.0,41.0,61.0,19.0,,,45.0,,9.0,,4.0,,3.0,29.0,,,13.0,1.0,,,8.0,1.0,,,1.0,,,110.0,,83.0,43.0,,3.0,,,,3.0,,,,,,11.0,,,,,4.0,44.0,2.0,,,40.0,5.0,3.0,1.0,4.0,,46.0,,,,,6.0,45.0,,,,,,,,,,1.0,,,,,,,,18.0,10.0,96.0,,,2.0,,,12.0,35.0,,75.0,,,,,128.0,,,18.0,,7.0,,40.0,15.0,,,,,,,,,,,,,,,,,,2016-03-23
6.7,,,,12.0,,,8.0,,,,,21.0,29.0,,20.0,,,,,,,,,,,4.0,,,,,,,,11.0,,,,1.0,3.0,,6.0,2.0,2.0,,,23.0,,,,,,,13.0,,,2.0,,,,,,,,,,,31.0,,6.0,13.0,,3.0,,,,,,,,,,,,,,,,6.0,,,,4.0,1.0,,,1.0,,1.0,,,,,,12.0,,,,,,,,,,1.0,,,,,,,,12.0,1.0,28.0,,,,,,8.0,,,40.0,,,,,26.0,,,3.0,,,,16.0,9.0,,,,,,,,,,,,,,,,,,2016-04-06
6.8,,,,4.0,,,20.0,,,,,49.0,32.0,,20.0,10.0,,,,,,,,,,10.0,,,10.0,,,,,1.0,,,,,,,3.0,,,,,23.0,,12.0,,1.0,,,32.0,,,4.0,,,,3.0,,,,,,,46.0,,2.0,,,3.0,,,,,,,,,,,,,,,1.0,5.0,3.0,,,5.0,,,,,,,,,,,,5.0,,,3.0,4.0,,,,,,,,,,,,,,8.0,,22.0,,,1.0,,,11.0,7.0,,9.0,,,,,23.0,,,2.0,,,,1.0,30.0,,,,,,,,,,,,,,,,,,2016-04-20
6.10,,,,23.0,,,41.0,73.0,,,,18.0,231.0,,22.0,9.0,,,,,,5.0,,,2.0,9.0,,,7.0,,,,,2.0,,,,,,1.0,1.0,,17.0,5.0,1.0,87.0,78.0,27.0,2.0,,,,40.0,,,20.0,,,1.0,,,2.0,,,,,205.0,,,2.0,,2.0,,,,,,,3.0,,,,,,,,,6.0,29.0,,,14.0,,28.0,,11.0,,3.0,1.0,,,,3.0,9.0,,,,1.0,,,11.0,,,2.0,,,,,,,,26.0,4.0,192.0,,,1.0,,,117.0,20.0,,57.0,,,,1.0,119.0,,,11.0,,37.0,,,44.0,,,,,,,,,,,,,,,,,,2016-05-18
6.11,,14.0,,37.0,,,36.0,217.0,,,,5.0,217.0,,45.0,4.0,,,,,,31.0,,10.0,3.0,11.0,,,12.0,,,,,24.0,,,,6.0,51.0,,,,52.0,6.0,,123.0,67.0,43.0,1.0,,,,12.0,,,30.0,,,,1.0,,4.0,,,,,121.0,,,22.0,,15.0,,,,,,,,,,,34.0,,,,,3.0,52.0,,,21.0,1.0,36.0,,23.0,,,4.0,14.0,,,1.0,14.0,2.0,,,2.0,,,21.0,,,,,,,,,,,53.0,15.0,81.0,,,1.0,,,8.0,7.0,,5.0,,,,5.0,106.0,,,9.0,7.0,88.0,,3.0,66.0,,,,,,,,,,,,,,,,,,2016-06-01
6.12,,32.0,,61.0,,,52.0,282.0,,,,8.0,172.0,3.0,62.0,2.0,,,,,2.0,23.0,,18.0,3.0,30.0,,,8.0,,,,,14.0,,,,4.0,90.0,,7.0,,99.0,,1.0,115.0,61.0,33.0,,,,,11.0,,2.0,44.0,1.0,,1.0,3.0,,19.0,27.0,,,,118.0,,,25.0,,11.0,,,,8.0,,3.0,1.0,,,,90.0,,,,,7.0,3.0,,,15.0,,46.0,,9.0,,,3.0,44.0,1.0,,8.0,25.0,2.0,,13.0,3.0,,,8.0,,,5.0,,,,14.0,,,,62.0,38.0,35.0,,,7.0,,,5.0,2.0,,4.0,,,,2.0,130.0,,,16.0,5.0,84.0,,9.0,66.0,,,,,,,,,,,,,,,,,,2016-06-15
6.13,,19.0,,46.0,1.0,,59.0,222.0,,,,18.0,93.0,,69.0,11.0,,,,,,32.0,,21.0,3.0,16.0,,1.0,9.0,,,,,20.0,1.0,,,17.0,65.0,,38.0,,74.0,4.0,6.0,65.0,5.0,5.0,1.0,1.0,,,22.0,,2.0,34.0,,,,,,14.0,29.0,,,,131.0,1.0,,30.0,1.0,6.0,,1.0,,1.0,,4.0,64.0,,1.0,,134.0,,,,,9.0,1.0,,,24.0,4.0,50.0,,4.0,,1.0,1.0,47.0,,,,28.0,,,3.0,10.0,,,1.0,,,37.0,,,,46.0,,,,57.0,51.0,6.0,,,13.0,,,16.0,,,4.0,,,,1.0,100.0,,,14.0,8.0,87.0,,11.0,51.0,,,,,,,,,,,,,,,,,,2016-06-29
6.14,,18.0,,14.0,,,42.0,139.0,,,,36.0,5.0,,63.0,10.0,,,,,,24.0,,14.0,,5.0,,,14.0,,,,,23.0,,,2.0,32.0,20.0,,103.0,,66.0,3.0,,40.0,6.0,3.0,,,,,9.0,,3.0,17.0,,,,,,9.0,20.0,,,,123.0,,3.0,39.0,,2.0,2.0,,,,,1.0,163.0,,,22.0,92.0,,2.0,,,10.0,,,1.0,18.0,,13.0,,25.0,,,4.0,68.0,1.0,,,18.0,3.0,,12.0,7.0,,,,,,37.0,,,,52.0,,,,25.0,18.0,,,1.0,24.0,,,6.0,,,8.0,,,,,12.0,,,9.0,13.0,56.0,,1.0,28.0,,,,,,,,,,,,,,,,,,2016-07-13
6.15,,4.0,,31.0,,,38.0,163.0,,,,8.0,22.0,,87.0,2.0,,,,,,21.0,,,,3.0,,,7.0,,,,,3.0,,,,46.0,17.0,,164.0,,95.0,6.0,3.0,30.0,,2.0,,,,,8.0,1.0,,21.0,,,5.0,5.0,,19.0,28.0,1.0,,,74.0,,6.0,58.0,,1.0,,,,4.0,,2.0,54.0,,,11.0,131.0,,,,1.0,7.0,,,,20.0,,16.0,,10.0,,,,34.0,1.0,,,42.0,,,15.0,17.0,,,,,,74.0,2.0,1.0,,123.0,,,,21.0,69.0,,,,69.0,,,11.0,6.0,,46.0,,,,1.0,,,,8.0,,101.0,,6.0,40.0,,,,,,,,,,,,,,,,,,2016-07-26
6.16,,1.0,,,,,1.0,47.0,,,,1.0,,,26.0,,,,,,,4.0,,,,6.0,,,,,,,,2.0,,,,,3.0,,44.0,,15.0,1.0,,10.0,,,,,,,,,,11.0,,,5.0,,,1.0,28.0,2.0,,,18.0,,,17.0,,1.0,,,,1.0,,,14.0,,,,30.0,,,,,6.0,3.0,,,3.0,,,,9.0,,,,8.0,,,,,,,,,,,1.0,,,37.0,,,,18.0,,,,3.0,11.0,4.0,,2.0,14.0,,,4.0,,,6.0,,,,,,,,1.0,,20.0,,,9.0,,,,,,,,,,,,,,,,,,2016-08-10
6.18,,23.0,,5.0,,,,14.0,,,,5.0,27.0,,12.0,1.0,,,,,4.0,4.0,,,,6.0,,,,,,,,1.0,,,,4.0,1.0,,6.0,,20.0,,,1.0,,16.0,,,,,,,,25.0,,,8.0,8.0,,9.0,6.0,1.0,,,73.0,,9.0,,,7.0,,,,14.0,,,3.0,,,,4.0,,,,,,,,,5.0,,6.0,,1.0,,,,1.0,,,21.0,,,,59.0,20.0,,,5.0,,,12.0,4.0,,,,,,,,12.0,,,,12.0,,,1.0,,,1.0,,,,2.0,,,,2.0,,16.0,,,10.0,,,,,,,,,,,,,,,,,,2016-09-08
6.21,,40.0,,2.0,,,,5.0,,4.0,,2.0,49.0,,,,,,,3.0,5.0,14.0,,,,2.0,,,,2.0,,,,,,,,,1.0,,1.0,2.0,43.0,,,5.0,,5.0,,,,,,,,10.0,10.0,,,11.0,,13.0,13.0,,,,59.0,,19.0,,,3.0,2.0,,,18.0,,,2.0,,,,,,,,,,,,,8.0,,8.0,,,,,,,,,65.0,2.0,,,89.0,19.0,,,18.0,,,4.0,13.0,,,,,,,,18.0,,,,7.0,,,,,,13.0,,,,4.0,,,,,,1.0,1.0,,14.0,,,,,,,,,,,,,,,,,,2016-10-19
6.23,,2.0,,,,,26.0,,,,,,8.0,,,,,,,,,12.0,,,,,,,5.0,,,,,,,,,,,,,,1.0,,,,,,,,,,5.0,,,,2.0,,,12.0,,1.0,6.0,,,,,,1.0,,,1.0,,,,1.0,,,,,,,,,,,,,,,14.0,,,1.0,,,,,,,,,1.0,,,,21.0,,,,11.0,,,,,,,2.0,,,,,,,,,1.0,,,,,,,,,,,,,,12.0,,2.0,4.0,,4.0,,,,,,,,,,,,,,,,,,2016-11-22
7.1,,23.0,,8.0,,,336.0,,,2.0,,2.0,196.0,5.0,7.0,1.0,,,,,101.0,85.0,,2.0,1.0,5.0,13.0,2.0,,,,,,4.0,,,,3.0,,1.0,10.0,65.0,52.0,5.0,,16.0,1.0,44.0,,,31.0,2.0,88.0,2.0,,78.0,59.0,,,65.0,,23.0,85.0,,,1.0,,,62.0,,,12.0,,,,32.0,,1.0,166.0,1.0,,,62.0,,,,5.0,3.0,3.0,,322.0,88.0,35.0,2.0,,108.0,13.0,11.0,,3.0,104.0,12.0,178.0,,,1.0,174.0,3.0,,,182.0,,,,10.0,,1.0,37.0,331.0,,,1.0,70.0,,,,47.0,,,,,6.0,24.0,,1.0,1.0,8.0,,,,36.0,7.0,65.0,38.0,8.0,4.0,,,,,,,,,,,,,,,,,,2017-01-11
7.2,,12.0,,4.0,,1.0,251.0,,,,,,123.0,5.0,5.0,1.0,,,4.0,,40.0,45.0,,1.0,,3.0,2.0,3.0,,,,,,3.0,,,,4.0,,,27.0,53.0,37.0,5.0,,10.0,3.0,15.0,1.0,,13.0,5.0,55.0,3.0,,32.0,20.0,,,40.0,,30.0,60.0,,,,,,39.0,2.0,,6.0,,1.0,,26.0,,,145.0,4.0,,,99.0,,,,2.0,39.0,4.0,,233.0,82.0,13.0,1.0,,45.0,9.0,16.0,,,97.0,,174.0,,,,106.0,19.0,,,144.0,,,,,,2.0,17.0,239.0,,,1.0,68.0,,,,23.0,,,1.0,11.0,2.0,26.0,,2.0,1.0,14.0,,,,28.0,2.0,19.0,52.0,2.0,7.0,,,,,,,,,,,,,,,,,,2017-01-25
7.3,,4.0,,4.0,,,172.0,,,,,,88.0,6.0,20.0,3.0,,,,,17.0,32.0,,1.0,2.0,4.0,4.0,3.0,,,,,,2.0,,,,2.0,1.0,1.0,10.0,40.0,35.0,2.0,,1.0,5.0,19.0,,,6.0,,51.0,12.0,,36.0,25.0,,4.0,10.0,,63.0,33.0,,,,3.0,,13.0,14.0,,4.0,,1.0,,10.0,,,87.0,4.0,,,107.0,,,,2.0,57.0,,,105.0,128.0,20.0,1.0,,27.0,6.0,21.0,,,36.0,1.0,125.0,,,,72.0,1.0,,,61.0,,,,1.0,,,3.0,137.0,,,1.0,32.0,,,,44.0,,,,33.0,9.0,18.0,,,,21.0,1.0,,,30.0,2.0,5.0,34.0,2.0,2.0,,,,,,,,,,,,,,,,,,2017-02-08
7.4,,13.0,,1.0,,1.0,293.0,21.0,,,,2.0,157.0,3.0,23.0,1.0,,,,,3.0,52.0,,5.0,4.0,12.0,1.0,2.0,1.0,,,,,2.0,,,,1.0,3.0,,13.0,1.0,79.0,3.0,2.0,1.0,6.0,31.0,3.0,,10.0,1.0,22.0,44.0,,49.0,47.0,,5.0,21.0,,119.0,61.0,,,,6.0,,12.0,29.0,,27.0,4.0,2.0,,25.0,,,190.0,22.0,,6.0,168.0,,,,26.0,115.0,3.0,,133.0,289.0,51.0,2.0,,41.0,24.0,50.0,2.0,,51.0,3.0,146.0,2.0,,,126.0,10.0,,,50.0,,,8.0,,,1.0,24.0,223.0,,,6.0,64.0,,,,38.0,,,2.0,53.0,13.0,48.0,,,,32.0,2.0,,,42.0,4.0,1.0,61.0,6.0,3.0,,,,,,,,,,,,,,,,,,2017-02-23
7.5,2.0,19.0,,2.0,,,21.0,117.0,,1.0,,1.0,15.0,6.0,5.0,1.0,,,1.0,,2.0,81.0,,3.0,3.0,8.0,6.0,,,3.0,,,1.0,7.0,1.0,1.0,,4.0,1.0,1.0,3.0,,66.0,,,,4.0,70.0,2.0,,7.0,,13.0,68.0,,86.0,70.0,,2.0,50.0,,161.0,71.0,,,,6.0,,,64.0,,32.0,,2.0,,36.0,,2.0,189.0,76.0,,7.0,162.0,,,,56.0,196.0,41.0,,131.0,44.0,61.0,20.0,,44.0,26.0,121.0,,,45.0,5.0,76.0,2.0,,,147.0,16.0,,,82.0,,,6.0,,,4.0,44.0,254.0,,,4.0,16.0,2.0,,,31.0,,,40.0,29.0,18.0,34.0,,1.0,,21.0,,,,46.0,4.0,11.0,46.0,8.0,3.0,,,,,,,,,,,,,,,,,,2017-03-08
7.6,,1.0,3.0,2.0,,,111.0,79.0,1.0,3.0,,1.0,15.0,2.0,,,,2.0,1.0,,4.0,68.0,,1.0,,10.0,,1.0,10.0,,,,,6.0,,1.0,2.0,8.0,1.0,,8.0,1.0,67.0,,,3.0,2.0,64.0,3.0,,3.0,1.0,5.0,60.0,2.0,87.0,92.0,,5.0,76.0,,136.0,40.0,,,1.0,4.0,,6.0,47.0,,32.0,1.0,1.0,3.0,80.0,,,149.0,48.0,,33.0,154.0,,1.0,,52.0,140.0,127.0,,139.0,78.0,52.0,17.0,,40.0,,107.0,3.0,1.0,41.0,,55.0,,,,161.0,18.0,,,96.0,,,1.0,,,1.0,38.0,202.0,,,15.0,8.0,,,1.0,31.0,,,26.0,18.0,51.0,56.0,,,,25.0,2.0,,,49.0,2.0,4.0,55.0,29.0,3.0,,,,,,,,,,,,,,,,,,2017-03-22
7.7,,,6.0,,,,21.0,,,,,,4.0,,1.0,,,,,,,13.0,,,,3.0,,,4.0,,,,,,,,,,,,,,9.0,,,,,9.0,,,,,,4.0,,18.0,2.0,,,8.0,,4.0,,,,,,,,5.0,,1.0,,,,12.0,,,20.0,2.0,,17.0,14.0,,,,,17.0,21.0,,27.0,6.0,11.0,1.0,,,,10.0,,,1.0,,18.0,,,,17.0,,,,6.0,,,,,,1.0,13.0,2.0,,,,2.0,,,,2.0,,,2.0,2.0,19.0,2.0,,,,5.0,,,,8.0,,,19.0,,,,,,,,,,,,,,,,,,,,2017-04-05
7.8,,2.0,26.0,,,,55.0,2.0,,,,,3.0,,,,,,,,1.0,25.0,,,,2.0,,,10.0,,,,,,,,1.0,1.0,,,1.0,,30.0,,,,,26.0,,,,,,6.0,1.0,14.0,9.0,,2.0,24.0,,26.0,11.0,,,,2.0,,,21.0,,7.0,,,,57.0,1.0,,12.0,2.0,,18.0,40.0,,,,14.0,29.0,38.0,,4.0,20.0,7.0,,,17.0,17.0,43.0,,,5.0,1.0,9.0,,,,40.0,,,,20.0,,,,,,,9.0,1.0,,,1.0,,,,,8.0,,,13.0,1.0,19.0,14.0,,,,12.0,,,,11.0,,1.0,36.0,,,,,,,,,,,,,,,,,,,,2017-04-19
7.9,,,11.0,1.0,,,13.0,2.0,,,,,,,1.0,,,,,,,5.0,,,,1.0,,,3.0,,,,,,,,,,,,1.0,,16.0,,,,,8.0,,,,1.0,,,2.0,6.0,6.0,,,2.0,,2.0,2.0,,,,,,,6.0,,,,,,17.0,,,,,,8.0,12.0,,,,2.0,,11.0,,,6.0,,,,16.0,,3.0,,,2.0,,3.0,,,,13.0,,,,2.0,,,,,,,10.0,5.0,,,9.0,,,,,,,,,,9.0,1.0,,,,2.0,,,,13.0,,,14.0,,,,3.0,,,,,,,,,,,,,,,,2017-05-03
7.10,,28.0,123.0,1.0,,,127.0,2.0,,,,,,,2.0,,,,,1.0,,45.0,,,,1.0,1.0,1.0,26.0,4.0,,,,3.0,,,,26.0,,,5.0,,77.0,,,,,68.0,9.0,,,,,18.0,36.0,119.0,68.0,,3.0,93.0,,45.0,29.0,,1.0,,11.0,,,35.0,,2.0,3.0,,,158.0,,1.0,2.0,,,20.0,57.0,,,,19.0,32.0,40.0,,14.0,36.0,1.0,8.0,13.0,121.0,,61.0,1.0,,8.0,1.0,67.0,,,,153.0,12.0,,,58.0,,,1.0,186.0,,1.0,66.0,5.0,,,19.0,,,,,48.0,,,28.0,21.0,37.0,17.0,,,,6.0,,,,95.0,,1.0,82.0,9.0,3.0,15.0,54.0,,,,,,,,,,,,,,,,2017-05-17
7.11,,27.0,207.0,1.0,,,151.0,11.0,,1.0,,,2.0,1.0,1.0,,,2.0,3.0,1.0,,36.0,,,3.0,4.0,,,22.0,,,,,4.0,,,,44.0,,,3.0,,44.0,2.0,,,,112.0,17.0,,,1.0,,58.0,38.0,197.0,69.0,,5.0,88.0,,66.0,57.0,,,,11.0,,,55.0,,,2.0,,1.0,166.0,,,4.0,3.0,,14.0,86.0,,,,19.0,20.0,14.0,,12.0,33.0,3.0,10.0,1.0,129.0,1.0,33.0,5.0,,39.0,1.0,60.0,,,,172.0,17.0,,,53.0,,,4.0,266.0,,,69.0,6.0,,,36.0,,1.0,,1.0,60.0,,,32.0,12.0,50.0,20.0,,,,1.0,,,,124.0,,2.0,49.0,31.0,12.0,41.0,77.0,,,,,,,,,,,,,,,,2017-06-01
7.12,,19.0,244.0,2.0,,1.0,153.0,7.0,,,,13.0,,,,,,11.0,12.0,7.0,,32.0,,14.0,10.0,1.0,,,21.0,,,,,5.0,,1.0,,67.0,1.0,,,36.0,47.0,,,1.0,2.0,193.0,49.0,,,1.0,,91.0,24.0,199.0,74.0,,6.0,63.0,,68.0,79.0,,,,17.0,,,60.0,,,1.0,,1.0,144.0,,,4.0,1.0,,36.0,88.0,,,,6.0,3.0,5.0,1.0,2.0,51.0,,7.0,2.0,144.0,2.0,21.0,,1.0,35.0,2.0,46.0,,,,132.0,10.0,,,38.0,,,11.0,307.0,,,94.0,40.0,,,68.0,26.0,,,,61.0,,,56.0,9.0,38.0,9.0,,,,1.0,,,,137.0,,68.0,7.0,59.0,17.0,52.0,32.0,,,,,,,,,,,,,,,,2017-06-14
7.13,,4.0,118.0,4.0,,,121.0,9.0,,,,17.0,,,,1.0,,35.0,1.0,4.0,,16.0,,52.0,4.0,1.0,,,24.0,,,,,5.0,,,,58.0,4.0,3.0,,29.0,20.0,1.0,,1.0,,239.0,19.0,,2.0,,1.0,48.0,24.0,166.0,60.0,,5.0,20.0,,43.0,72.0,,,,15.0,,2.0,48.0,,,1.0,,1.0,20.0,,,1.0,,,41.0,45.0,,,,5.0,,4.0,,2.0,20.0,,1.0,25.0,65.0,2.0,12.0,2.0,1.0,12.0,,39.0,,,,78.0,13.0,,,15.0,,,57.0,246.0,4.0,2.0,97.0,74.0,,,68.0,21.0,,,1.0,31.0,,,26.0,7.0,15.0,8.0,,,,,1.0,,,109.0,,75.0,4.0,111.0,7.0,69.0,34.0,,,,,,,,,,,,,,,,2017-06-28
7.14,,1.0,91.0,4.0,,,128.0,8.0,,,,43.0,,,7.0,,,53.0,1.0,4.0,1.0,4.0,,64.0,9.0,5.0,,,12.0,1.0,131.0,,1.0,6.0,,,,61.0,,21.0,,34.0,14.0,22.0,,26.0,1.0,242.0,50.0,,4.0,,110.0,68.0,42.0,241.0,106.0,,2.0,7.0,,67.0,106.0,2.0,2.0,,6.0,,2.0,57.0,,,,,,6.0,,,6.0,15.0,1.0,58.0,62.0,,,,2.0,,,,2.0,19.0,,1.0,54.0,5.0,,15.0,2.0,,33.0,,115.0,,,,103.0,13.0,21.0,,21.0,,,82.0,295.0,1.0,1.0,127.0,59.0,,,76.0,34.0,,,,25.0,,,51.0,10.0,5.0,3.0,,,,,2.0,,,188.0,1.0,44.0,1.0,139.0,12.0,62.0,43.0,,,,,,,,,,,,,,,,2017-07-12
7.15,,6.0,63.0,,,,114.0,8.0,1.0,,,55.0,,1.0,6.0,1.0,,43.0,,1.0,,1.0,,9.0,21.0,1.0,,1.0,22.0,,80.0,,,7.0,,,1.0,33.0,1.0,34.0,,29.0,11.0,14.0,,22.0,,130.0,16.0,,4.0,,104.0,32.0,60.0,147.0,63.0,,,2.0,2.0,52.0,69.0,,4.0,1.0,4.0,,7.0,46.0,,1.0,,,1.0,3.0,1.0,,2.0,3.0,1.0,55.0,69.0,1.0,,,2.0,,,,3.0,13.0,,2.0,36.0,5.0,7.0,34.0,7.0,,11.0,1.0,45.0,,1.0,1.0,53.0,13.0,8.0,,4.0,,,81.0,113.0,,,83.0,48.0,,,35.0,5.0,,,2.0,2.0,,,68.0,10.0,3.0,5.0,,,,1.0,1.0,,,127.0,2.0,25.0,2.0,148.0,11.0,54.0,22.0,,,,,,,,,,,,,,,,2017-07-26
7.16,,9.0,82.0,6.0,,,66.0,29.0,,,,69.0,,6.0,9.0,,,86.0,1.0,,,9.0,,24.0,26.0,1.0,,,16.0,1.0,72.0,,,3.0,,,,33.0,,43.0,,49.0,6.0,13.0,,15.0,,10.0,27.0,,,,73.0,55.0,94.0,99.0,84.0,,2.0,1.0,1.0,52.0,107.0,,,,3.0,,7.0,72.0,,,,4.0,,18.0,,,5.0,,,62.0,42.0,,,,1.0,,,,,24.0,,3.0,39.0,5.0,1.0,34.0,,,4.0,,53.0,,,,55.0,16.0,8.0,,2.0,,,96.0,60.0,8.0,3.0,58.0,35.0,,,30.0,1.0,,,2.0,14.0,,,84.0,4.0,8.0,4.0,,,,,1.0,,,88.0,,31.0,,192.0,4.0,114.0,51.0,,,,,,,,,,,,,,,,2017-08-09
7.17,,,7.0,,,,3.0,4.0,,,,8.0,,,,,,3.0,,,,,,14.0,1.0,,,,,,23.0,,,,,,,,,5.0,,4.0,3.0,,,,,1.0,1.0,,,,8.0,,8.0,6.0,6.0,,,1.0,,7.0,11.0,,,1.0,,,,6.0,,,,,,,,,,,,9.0,10.0,,,,,,,,,1.0,,,10.0,,,6.0,,,1.0,,15.0,,,,9.0,,,,,,,6.0,3.0,,,17.0,1.0,,,2.0,,,,,,,,9.0,,,,,,,,2.0,,,13.0,,2.0,,28.0,,17.0,16.0,,,,,,,,,,,,,,,,2017-08-23
7.18,,4.0,69.0,1.0,,1.0,36.0,1.0,,,,16.0,22.0,2.0,1.0,1.0,,24.0,,,,,,4.0,2.0,,2.0,,10.0,,34.0,1.0,,2.0,,3.0,,16.0,,37.0,,10.0,6.0,2.0,,16.0,,11.0,6.0,,,2.0,14.0,7.0,61.0,10.0,31.0,,1.0,1.0,1.0,11.0,23.0,,,1.0,7.0,,,25.0,,17.0,,,,1.0,,1.0,7.0,,,32.0,42.0,,,,,1.0,,,,10.0,,,57.0,,,33.0,,,4.0,,46.0,,,,44.0,4.0,4.0,,,,,28.0,2.0,,,37.0,1.0,,,7.0,,,,,,,,19.0,,,,,,,,,,,17.0,,19.0,3.0,114.0,1.0,51.0,53.0,,,,,,,,,,,,,,,,2017-09-13
7.21,,,10.0,,,,3.0,,,,,1.0,6.0,,,,,1.0,,,,,,,,,,,,,1.0,,,,,,,5.0,,1.0,,,,1.0,,,,,,,,,,1.0,7.0,2.0,1.0,,,,,6.0,2.0,,,,,,,,,,,,,9.0,,,,,,,8.0,,,,,,,,1.0,6.0,,,8.0,,,1.0,,,,,10.0,,,,1.0,,,,,,,5.0,,,,4.0,2.0,,,1.0,,,,,,,,1.0,,,,,,,,2.0,,,2.0,,1.0,,14.0,,3.0,6.0,7.0,,,,,,,,,,,,,,,2017-10-25
7.22,,,,,,,3.0,,,,,14.0,9.0,4.0,,,,2.0,,,11.0,3.0,,4.0,1.0,,1.0,,,,,,,,,,,1.0,,2.0,2.0,,3.0,11.0,4.0,1.0,,,6.0,,3.0,,7.0,,12.0,3.0,2.0,,,,,6.0,1.0,,,,2.0,,,2.0,,45.0,,,,7.0,,22.0,8.0,,,,11.0,,24.0,3.0,,,,,1.0,10.0,,,18.0,,,2.0,,,1.0,,26.0,,,,4.0,,,,,,,11.0,,,1.0,16.0,1.0,,,9.0,4.0,,,,9.0,,,,,,,,,,,16.0,,,4.0,,2.0,,24.0,,3.0,16.0,42.0,,,,,,,,,,,,,,,2017-11-08
7.24,,,,,1.0,,5.0,6.0,,,,19.0,28.0,,3.0,,,3.0,,,48.0,,,2.0,,,,,,,3.0,,,,,,,9.0,,5.0,16.0,1.0,3.0,4.0,,,,,,,,1.0,7.0,,29.0,,3.0,,,6.0,,2.0,1.0,,,,,,,,,26.0,,,,1.0,,13.0,37.0,,,5.0,32.0,,3.0,9.0,,,,,5.0,3.0,,,38.0,1.0,,2.0,7.0,,10.0,,35.0,,,,,,,38.0,,,,19.0,1.0,,,5.0,51.0,,,15.0,11.0,,,,29.0,,,,,,,,,,,34.0,,,4.0,12.0,,1.0,21.0,,1.0,4.0,52.0,,,,,,,,,,,,,,,2017-12-06
8.1,,,82.0,,4.0,1.0,15.0,139.0,,,,117.0,176.0,4.0,23.0,,,35.0,,,3.0,,,24.0,3.0,2.0,,19.0,,,9.0,,,,,,,18.0,,53.0,141.0,8.0,13.0,73.0,7.0,1.0,,26.0,2.0,,2.0,,15.0,,150.0,4.0,26.0,,,22.0,14.0,4.0,37.0,3.0,,1.0,27.0,,2.0,5.0,,114.0,,1.0,,,,5.0,127.0,,5.0,240.0,109.0,,5.0,16.0,,4.0,,,36.0,80.0,,,183.0,12.0,1.0,4.0,2.0,,90.0,,86.0,,,,2.0,5.0,,254.0,,,,109.0,58.0,1.0,2.0,32.0,225.0,,,129.0,1.0,,,,181.0,,,4.0,,,,,,,,200.0,,,10.0,28.0,14.0,4.0,249.0,6.0,9.0,17.0,153.0,,,,,,,,,,,,,,,2018-01-10
8.2,,,131.0,1.0,6.0,7.0,8.0,77.0,,,,74.0,134.0,12.0,3.0,,,37.0,,35.0,,,,16.0,6.0,2.0,,2.0,4.0,,8.0,,,,,,1.0,5.0,,39.0,114.0,17.0,8.0,62.0,4.0,,,42.0,3.0,1.0,1.0,,1.0,,86.0,,10.0,,,10.0,,2.0,28.0,23.0,,,10.0,,2.0,1.0,,29.0,,,,9.0,,1.0,36.0,,3.0,81.0,27.0,,1.0,1.0,,4.0,,,11.0,71.0,,,97.0,10.0,1.0,5.0,2.0,,47.0,2.0,45.0,,,,1.0,7.0,,204.0,,,,74.0,44.0,,,62.0,135.0,,,79.0,,,,4.0,131.0,,,3.0,,4.0,2.0,,,,1.0,162.0,,,12.0,2.0,3.0,3.0,140.0,5.0,28.0,35.0,42.0,,,,,,,,,,,,,,,2018-01-24
8.3,,2.0,177.0,1.0,6.0,10.0,16.0,52.0,,,,94.0,119.0,39.0,5.0,,,60.0,,5.0,,,,21.0,9.0,1.0,,4.0,7.0,,11.0,,,1.0,,,,13.0,2.0,19.0,175.0,28.0,,61.0,10.0,7.0,5.0,53.0,2.0,2.0,5.0,,1.0,,70.0,,11.0,,,2.0,,,26.0,104.0,2.0,,12.0,,3.0,3.0,,59.0,,,,,,1.0,21.0,,2.0,2.0,9.0,,,1.0,,2.0,,,3.0,69.0,,6.0,94.0,21.0,3.0,1.0,,,66.0,1.0,15.0,,,,9.0,6.0,1.0,214.0,,,,90.0,75.0,1.0,,102.0,169.0,,,94.0,,,,5.0,99.0,,,3.0,,1.0,1.0,,,,,135.0,,,18.0,4.0,,,139.0,2.0,38.0,70.0,61.0,,,,,,,,,,,,,,,2018-02-07
8.4,,114.0,225.0,,3.0,6.0,2.0,50.0,,,,101.0,178.0,180.0,1.0,,,78.0,1.0,1.0,1.0,,,20.0,10.0,6.0,,2.0,,,42.0,,,12.0,1.0,,,17.0,,29.0,89.0,29.0,21.0,47.0,8.0,25.0,12.0,87.0,3.0,,,1.0,3.0,2.0,67.0,,28.0,,1.0,3.0,,3.0,90.0,147.0,1.0,,10.0,,8.0,2.0,,38.0,,,,1.0,1.0,16.0,3.0,,3.0,26.0,39.0,,4.0,2.0,,1.0,2.0,3.0,2.0,116.0,,3.0,89.0,57.0,10.0,1.0,,,100.0,9.0,16.0,,,,10.0,4.0,,1.0,2.0,,,103.0,73.0,1.0,3.0,130.0,211.0,,,103.0,,,,3.0,135.0,,,,,5.0,3.0,,,,,146.0,,,24.0,8.0,2.0,2.0,12.0,4.0,69.0,133.0,31.0,,,,,,,,,,,,,,,2018-02-22
8.5,,179.0,155.0,,1.0,6.0,8.0,36.0,,,,106.0,166.0,121.0,7.0,,,50.0,2.0,,,8.0,,9.0,71.0,2.0,,,,,35.0,,,21.0,,,,13.0,,13.0,132.0,4.0,42.0,14.0,4.0,42.0,225.0,132.0,,,,9.0,1.0,,41.0,,35.0,,,,,3.0,119.0,106.0,2.0,,7.0,,6.0,,,49.0,,3.0,,1.0,,9.0,3.0,,,32.0,43.0,,1.0,,,,,,,116.0,,,66.0,38.0,2.0,5.0,1.0,,84.0,1.0,12.0,,,,21.0,,1.0,32.0,1.0,5.0,,79.0,67.0,,13.0,108.0,228.0,,,75.0,53.0,,,24.0,141.0,,,,,,8.0,,,1.0,,131.0,,,62.0,4.0,2.0,1.0,1.0,1.0,48.0,197.0,52.0,,,,,,,,,,,,,,,2018-03-07
8.6,,85.0,41.0,,1.0,1.0,8.0,18.0,,,,38.0,76.0,59.0,,1.0,1.0,19.0,,,,1.0,,8.0,69.0,1.0,2.0,,,,9.0,,,28.0,,,,5.0,,6.0,64.0,2.0,52.0,2.0,1.0,61.0,145.0,60.0,,,,,1.0,1.0,7.0,,16.0,,,1.0,3.0,,39.0,43.0,1.0,,10.0,,,1.0,,19.0,,,,,,5.0,5.0,1.0,,4.0,25.0,,,,,,,,,33.0,,,28.0,15.0,2.0,1.0,1.0,,27.0,,10.0,,,,2.0,5.0,,26.0,,49.0,,49.0,37.0,,11.0,88.0,95.0,,,37.0,16.0,5.0,,2.0,43.0,,,2.0,,,1.0,,,,,58.0,,,26.0,8.0,3.0,5.0,1.0,1.0,61.0,35.0,39.0,,,,,,,,,,,,,,,2018-03-21
8.7,,6.0,,,,,,,,,,3.0,2.0,6.0,,,,4.0,,,,,,,1.0,,,,,,,,,,,,,,,1.0,5.0,1.0,,,,3.0,1.0,2.0,,,,,,,3.0,,,,,,,,6.0,2.0,,,,,,,,5.0,,,,,,,,,,,,,,,,,,,,,,,,,,1.0,,,,,,,,,,,,3.0,,7.0,,1.0,2.0,,,8.0,3.0,,,1.0,,,,2.0,1.0,,,,,,,,,,,3.0,,,1.0,,,,,,2.0,2.0,2.0,,,,,,,,,,,,,,,2018-04-04
8.8,,19.0,3.0,,1.0,,6.0,36.0,,,,27.0,38.0,24.0,3.0,4.0,,15.0,,,,1.0,,4.0,48.0,,5.0,,,2.0,5.0,,,7.0,,,,,19.0,4.0,52.0,1.0,42.0,,,24.0,47.0,23.0,,,,2.0,,2.0,4.0,,1.0,,,1.0,,,33.0,31.0,,,1.0,,,,,31.0,,,,,,,4.0,,,9.0,10.0,,,,,26.0,,,1.0,9.0,,,7.0,13.0,,2.0,,,33.0,,9.0,,,,2.0,2.0,,23.0,,68.0,,16.0,3.0,14.0,,28.0,48.0,,,15.0,7.0,3.0,,,12.0,,,,,2.0,,,,,,20.0,,,18.0,,,,,,59.0,10.0,31.0,,,,,,,,,,,,,,,2018-04-18
8.10,,11.0,4.0,,23.0,,4.0,28.0,,,7.0,25.0,7.0,,2.0,4.0,,1.0,,,1.0,3.0,,6.0,41.0,,16.0,,1.0,,3.0,1.0,,,,3.0,,,47.0,6.0,12.0,,25.0,5.0,,18.0,3.0,19.0,6.0,1.0,,1.0,2.0,4.0,,,1.0,,,,,,,30.0,7.0,,,,2.0,,,22.0,,,,,,1.0,12.0,,,10.0,16.0,,,,2.0,38.0,1.0,,,5.0,,,6.0,1.0,,32.0,2.0,,12.0,5.0,,,,,,,1.0,24.0,2.0,60.0,,2.0,,19.0,1.0,7.0,35.0,,,25.0,2.0,,,1.0,7.0,,,,,,,,,7.0,,,,,10.0,,6.0,,,,42.0,7.0,26.0,,,,,,,,,,,,,,,2018-05-16
8.11,,7.0,15.0,,45.0,4.0,20.0,101.0,60.0,2.0,51.0,84.0,54.0,,,27.0,,,,5.0,,10.0,,23.0,91.0,1.0,60.0,1.0,,14.0,4.0,,,5.0,,61.0,,,153.0,1.0,34.0,,20.0,50.0,,23.0,70.0,3.0,2.0,1.0,,123.0,,9.0,,,,,8.0,5.0,,,16.0,24.0,11.0,1.0,13.0,,,2.0,,36.0,27.0,,,10.0,,4.0,6.0,2.0,,5.0,63.0,,,,,73.0,1.0,,3.0,7.0,1.0,1.0,5.0,12.0,,94.0,24.0,,1.0,54.0,10.0,2.0,,,3.0,16.0,,156.0,1.0,52.0,,4.0,,81.0,4.0,170.0,142.0,,,50.0,1.0,2.0,,,39.0,,,113.0,,5.0,,,,78.0,1.0,,,,11.0,,5.0,,1.0,1.0,118.0,9.0,80.0,,,,,27.0,,,,,,,,,,2018-05-31
8.12,,2.0,17.0,,17.0,6.0,10.0,50.0,30.0,4.0,13.0,34.0,20.0,,,8.0,,,,6.0,1.0,8.0,,16.0,64.0,3.0,15.0,1.0,,,,,,4.0,,40.0,,,75.0,,8.0,,9.0,23.0,1.0,28.0,63.0,,,2.0,,139.0,,10.0,,1.0,,,6.0,,1.0,3.0,9.0,16.0,14.0,,2.0,,3.0,2.0,,29.0,9.0,,,7.0,,3.0,1.0,2.0,,,29.0,,,,,11.0,,,1.0,18.0,,1.0,27.0,12.0,12.0,49.0,7.0,,,44.0,3.0,1.0,,,6.0,3.0,,119.0,,26.0,,5.0,,57.0,7.0,142.0,72.0,,,52.0,,6.0,,,23.0,,,63.0,,,,,,88.0,2.0,1.0,,,1.0,,,,2.0,2.0,58.0,19.0,52.0,,,,,12.0,,,,,,,,,,2018-06-13
8.13,,5.0,115.0,1.0,17.0,4.0,44.0,130.0,48.0,,,88.0,61.0,3.0,4.0,29.0,,,,,,45.0,,7.0,227.0,2.0,7.0,,,16.0,11.0,,,26.0,,164.0,,2.0,75.0,2.0,85.0,,3.0,5.0,8.0,91.0,229.0,2.0,2.0,4.0,,312.0,,7.0,3.0,,51.0,,4.0,2.0,,14.0,16.0,12.0,77.0,,18.0,,6.0,52.0,,61.0,41.0,2.0,,90.0,,1.0,6.0,134.0,,,125.0,1.0,1.0,,,45.0,,,7.0,68.0,,1.0,76.0,11.0,1.0,29.0,16.0,1.0,1.0,187.0,70.0,6.0,,4.0,14.0,7.0,,303.0,,46.0,,58.0,8.0,170.0,16.0,369.0,214.0,,,82.0,1.0,163.0,,,119.0,,,121.0,1.0,67.0,9.0,,,505.0,,3.0,,,1.0,1.0,1.0,,,,291.0,42.0,52.0,,,,,82.0,,,,,,,,,,2018-06-27
8.14,,4.0,25.0,,16.0,7.0,82.0,22.0,10.0,,,57.0,82.0,,1.0,7.0,,7.0,,,3.0,23.0,,3.0,125.0,2.0,1.0,9.0,,,28.0,,,15.0,,68.0,,2.0,30.0,,61.0,1.0,4.0,1.0,,94.0,98.0,6.0,1.0,6.0,,148.0,,5.0,1.0,2.0,56.0,,2.0,6.0,,22.0,13.0,8.0,23.0,,10.0,1.0,12.0,45.0,1.0,55.0,6.0,,1.0,55.0,1.0,,3.0,5.0,,,78.0,,2.0,,6.0,40.0,4.0,,7.0,82.0,,1.0,24.0,13.0,1.0,2.0,20.0,1.0,2.0,54.0,64.0,2.0,,1.0,18.0,14.0,,146.0,,26.0,,96.0,7.0,124.0,10.0,250.0,162.0,,,35.0,30.0,173.0,,,125.0,,,40.0,4.0,27.0,,,,342.0,2.0,40.0,,,1.0,,4.0,,6.0,,161.0,34.0,29.0,,,,,36.0,,,,,,,,,,2018-07-18
8.15,,34.0,46.0,,4.0,10.0,76.0,10.0,2.0,,,50.0,95.0,,3.0,3.0,,8.0,,,13.0,28.0,,4.0,87.0,11.0,1.0,1.0,,,21.0,,,5.0,,37.0,1.0,,55.0,,50.0,,2.0,,1.0,91.0,25.0,3.0,2.0,3.0,,114.0,,3.0,2.0,,47.0,,4.0,6.0,1.0,15.0,8.0,8.0,1.0,,13.0,,12.0,43.0,,33.0,,1.0,135.0,38.0,,1.0,14.0,5.0,1.0,,27.0,,,,2.0,18.0,12.0,,1.0,91.0,,2.0,34.0,15.0,1.0,6.0,8.0,,,24.0,53.0,6.0,,9.0,27.0,2.0,,118.0,,24.0,,67.0,3.0,69.0,16.0,141.0,129.0,,,39.0,19.0,103.0,,,107.0,,,15.0,2.0,8.0,,,,240.0,,21.0,,,,,1.0,,,1.0,141.0,14.0,29.0,,,,,22.0,,,,,,,,,,2018-08-01
8.16,,89.0,39.0,1.0,8.0,52.0,91.0,5.0,3.0,,,60.0,110.0,18.0,,1.0,,12.0,,,4.0,10.0,,,56.0,33.0,,,,,29.0,,,7.0,,12.0,,,63.0,1.0,52.0,1.0,1.0,1.0,,57.0,26.0,,,2.0,,77.0,3.0,,6.0,,23.0,,2.0,13.0,5.0,20.0,31.0,35.0,8.0,,9.0,,30.0,54.0,,16.0,,,216.0,5.0,,5.0,13.0,,,1.0,40.0,,,,,25.0,3.0,,,100.0,,5.0,43.0,16.0,2.0,9.0,28.0,3.0,,6.0,9.0,2.0,,2.0,30.0,5.0,,7.0,,52.0,,28.0,16.0,31.0,14.0,24.0,89.0,,,66.0,16.0,80.0,,,43.0,,,8.0,6.0,5.0,,,,91.0,,23.0,,,11.0,,2.0,,14.0,1.0,129.0,5.0,45.0,,,,,18.0,,,,,,,,,,2018-08-15
8.17,,23.0,16.0,,1.0,26.0,16.0,,,,,18.0,18.0,7.0,,1.0,,9.0,,,1.0,2.0,,3.0,3.0,,,2.0,,,3.0,,,,,3.0,,,27.0,,5.0,,1.0,,,6.0,12.0,,,1.0,,,1.0,,,,8.0,,,,,,3.0,4.0,,,,,3.0,39.0,,1.0,,,37.0,3.0,,1.0,1.0,,,,10.0,,,,,6.0,,,,19.0,,,5.0,2.0,,,,,,1.0,13.0,1.0,,,5.0,,,6.0,,14.0,,1.0,2.0,13.0,2.0,9.0,20.0,,,1.0,,6.0,,,21.0,,,1.0,,,,,,34.0,,4.0,,,,,,,3.0,,16.0,8.0,11.0,,,,,1.0,,,,,,,,,,2018-08-29
8.19,,29.0,27.0,,23.0,68.0,49.0,,,,,63.0,33.0,21.0,10.0,,,6.0,,,,1.0,,3.0,3.0,11.0,2.0,,,,1.0,,,4.0,,,,,57.0,1.0,1.0,,1.0,,,1.0,8.0,,,,,41.0,,,,,,,,9.0,,,2.0,23.0,27.0,,,,6.0,23.0,,1.0,,,76.0,,,4.0,3.0,,,,15.0,,,,,,,,,26.0,1.0,6.0,1.0,,6.0,,6.0,2.0,,4.0,8.0,29.0,,,30.0,,,6.0,,25.0,,1.0,2.0,5.0,6.0,28.0,36.0,,,11.0,6.0,23.0,,,51.0,,,12.0,1.0,,1.0,,,76.0,,3.0,,,19.0,,,,,,43.0,34.0,24.0,,,,,5.0,,,,,,,,,,2018-09-26
8.23,,5.0,,,2.0,3.0,8.0,,5.0,,,4.0,6.0,,,2.0,,,,,,1.0,,,2.0,,,,,,,,,,,,,,12.0,,,,,,,,,,,,,,,1.0,2.0,,,,,3.0,,,,,,,1.0,,,14.0,,4.0,,,7.0,,,8.0,,,,,,,,,,,,,,1.0,,17.0,,,,1.0,,,3.0,,3.0,8.0,,,6.0,,,,1.0,4.0,,,,,,1.0,11.0,,,1.0,,,,,,,,8.0,,,,,,11.0,,1.0,,,12.0,,,,,,5.0,4.0,2.0,,,,,,,,,,,,,,,2018-11-20
8.24,,,17.0,,11.0,7.0,3.0,,6.0,,,23.0,,6.0,1.0,1.0,,2.0,,,2.0,,,,11.0,,,,,,,,,,,,,,21.0,,,,1.0,,,,,12.0,,,,3.0,,2.0,,5.0,,,,8.0,,,28.0,,,,,,1.0,5.0,,2.0,,,10.0,,,1.0,,,,,,,,,,,,,,2.0,,4.0,,,,,,,5.0,,6.0,12.0,,,2.0,1.0,,6.0,,9.0,,,,,,,21.0,,,2.0,,,,,4.0,,,24.0,,,,,,16.0,,,,,8.0,,,,,,14.0,4.0,,,,,,1.0,,,,,,,,,,2018-12-05
8.24b,,,24.0,,1.0,10.0,12.0,,,,,19.0,9.0,9.0,1.0,,,,,,,2.0,,1.0,12.0,,,1.0,,2.0,,,,,,,,,34.0,1.0,,,,,,,,7.0,,,,6.0,,,,2.0,,,,4.0,,,39.0,,1.0,,,,,7.0,,10.0,,,21.0,1.0,,2.0,1.0,,,,,,,,2.0,,,,,,,11.0,1.0,4.0,,,7.0,,9.0,,4.0,10.0,,,2.0,,,15.0,,2.0,,,4.0,2.0,,3.0,22.0,,,2.0,,3.0,,,11.0,,,16.0,,,,,,28.0,,,,,12.0,,,1.0,,,15.0,2.0,1.0,,1.0,,,1.0,,,,,,,,,,2018-12-18
9.1,,38.0,165.0,,73.0,83.0,47.0,35.0,7.0,,,91.0,47.0,58.0,15.0,1.0,,3.0,,,,3.0,,8.0,67.0,1.0,,3.0,,35.0,,,,,,,,4.0,209.0,1.0,3.0,3.0,,,,1.0,5.0,13.0,,,,42.0,,7.0,,2.0,,,,28.0,10.0,3.0,274.0,,5.0,,9.0,,2.0,42.0,,62.0,,,175.0,6.0,,8.0,,,2.0,,1.0,,,,,1.0,,,,24.0,,34.0,53.0,8.0,1.0,2.0,7.0,1.0,52.0,3.0,50.0,87.0,,,18.0,,1.0,74.0,,32.0,,,16.0,21.0,2.0,1.0,128.0,,,35.0,,9.0,,1.0,51.0,,,192.0,,3.0,,,,219.0,,2.0,,,42.0,,,,13.0,,124.0,31.0,3.0,,1.0,,,5.0,,,,,,,,,,2019-01-09
9.2,,93.0,36.0,,33.0,92.0,76.0,45.0,5.0,,,59.0,38.0,54.0,8.0,2.0,,,,,,6.0,,10.0,22.0,5.0,,4.0,,43.0,,,,,,,,,50.0,,1.0,2.0,1.0,,,1.0,4.0,3.0,,,,53.0,,5.0,19.0,3.0,2.0,,,40.0,11.0,4.0,184.0,6.0,3.0,,9.0,,4.0,47.0,1.0,53.0,1.0,38.0,165.0,8.0,,,,,3.0,,1.0,,1.0,,,,1.0,,,9.0,,18.0,22.0,6.0,,,29.0,,15.0,1.0,77.0,115.0,,,42.0,1.0,2.0,114.0,,50.0,,,11.0,29.0,1.0,5.0,94.0,,,36.0,,12.0,,1.0,48.0,,,176.0,,10.0,,,,125.0,,,,,77.0,,2.0,1.0,18.0,,7.0,6.0,7.0,39.0,,,,5.0,,,,,,,,,,2019-01-24
9.3,,83.0,54.0,,18.0,87.0,108.0,47.0,1.0,,,68.0,61.0,23.0,42.0,3.0,,12.0,,11.0,,7.0,,8.0,38.0,7.0,,11.0,,58.0,,,,,,,,1.0,46.0,1.0,1.0,8.0,26.0,,,2.0,2.0,6.0,2.0,3.0,2.0,72.0,,4.0,29.0,11.0,5.0,,,38.0,10.0,3.0,104.0,2.0,5.0,,15.0,,8.0,43.0,,80.0,1.0,77.0,1.0,12.0,,3.0,5.0,,2.0,,9.0,,,1.0,,1.0,,1.0,,10.0,,21.0,17.0,8.0,,6.0,25.0,,14.0,5.0,117.0,88.0,,,33.0,2.0,4.0,108.0,,26.0,,,30.0,138.0,1.0,,7.0,,,39.0,,19.0,,3.0,46.0,,,212.0,,2.0,1.0,,,14.0,2.0,2.0,,,103.0,1.0,1.0,9.0,35.0,,5.0,1.0,4.0,81.0,,,,5.0,,,,,,,,,,2019-02-06
9.4,,54.0,65.0,1.0,6.0,4.0,147.0,98.0,1.0,,,48.0,111.0,10.0,20.0,2.0,,20.0,,3.0,,9.0,,24.0,12.0,3.0,,18.0,,29.0,,,,,,,,2.0,82.0,,12.0,11.0,5.0,,,1.0,3.0,1.0,1.0,1.0,2.0,71.0,,26.0,68.0,23.0,5.0,,,53.0,22.0,3.0,44.0,1.0,3.0,,2.0,,14.0,30.0,,46.0,,93.0,,30.0,,1.0,1.0,1.0,21.0,,7.0,,,,,,2.0,,,11.0,,6.0,21.0,20.0,2.0,2.0,16.0,,11.0,1.0,195.0,118.0,,,43.0,1.0,3.0,158.0,,26.0,,,14.0,73.0,1.0,1.0,3.0,,,38.0,2.0,22.0,,3.0,47.0,,,135.0,8.0,11.0,1.0,,,31.0,1.0,5.0,,,88.0,,98.0,3.0,92.0,,,3.0,1.0,42.0,38.0,,,,,,,,,,,,,2019-02-21
9.5,,46.0,75.0,,4.0,7.0,144.0,103.0,,3.0,,60.0,135.0,12.0,7.0,2.0,,21.0,,1.0,1.0,29.0,,21.0,40.0,7.0,,8.0,1.0,18.0,2.0,,,,,1.0,1.0,1.0,87.0,,24.0,21.0,1.0,,,1.0,4.0,2.0,2.0,,3.0,52.0,,38.0,64.0,20.0,3.0,,,37.0,47.0,6.0,39.0,22.0,12.0,,22.0,,11.0,25.0,,45.0,,65.0,26.0,45.0,,1.0,,1.0,13.0,12.0,5.0,,2.0,,,,1.0,,,11.0,,4.0,11.0,14.0,2.0,3.0,33.0,,11.0,2.0,205.0,116.0,1.0,,56.0,,2.0,144.0,,19.0,,3.0,10.0,62.0,1.0,3.0,7.0,,,50.0,,20.0,,7.0,47.0,,,84.0,5.0,3.0,1.0,,5.0,29.0,,8.0,,,82.0,,108.0,1.0,137.0,2.0,14.0,6.0,,109.0,36.0,,,4.0,,,,,,,,,,2019-03-06
9.6,,28.0,74.0,,,10.0,83.0,38.0,2.0,56.0,,43.0,129.0,2.0,7.0,,,6.0,,,4.0,15.0,,10.0,95.0,8.0,,1.0,,43.0,3.0,,,1.0,,,12.0,,81.0,,37.0,35.0,5.0,30.0,,,2.0,3.0,2.0,,,29.0,,15.0,74.0,10.0,,,,27.0,43.0,2.0,15.0,12.0,7.0,,4.0,,11.0,13.0,,16.0,,38.0,68.0,49.0,,,3.0,,,5.0,1.0,,,,,,,,,18.0,1.0,2.0,13.0,11.0,,7.0,21.0,38.0,3.0,3.0,108.0,91.0,,,28.0,1.0,,57.0,,15.0,,2.0,5.0,25.0,5.0,20.0,1.0,,,40.0,,21.0,,4.0,41.0,,,43.0,3.0,1.0,,,1.0,10.0,,5.0,,,44.0,,62.0,,92.0,3.0,33.0,11.0,5.0,194.0,8.0,,,3.0,,,,,,,,,,2019-03-20
9.7,,1.0,18.0,,,,8.0,5.0,,6.0,,7.0,24.0,1.0,,,,1.0,,,,,,,21.0,,,,,,,,,,,,,,18.0,,4.0,4.0,8.0,,,,,,,,,2.0,,1.0,18.0,3.0,,,,1.0,4.0,,,,,,12.0,,,3.0,,5.0,,7.0,10.0,8.0,,,,,,1.0,1.0,,,,,1.0,,,,10.0,3.0,,5.0,1.0,,2.0,,3.0,,,14.0,2.0,,,,,,19.0,,3.0,,,,8.0,1.0,7.0,3.0,,,10.0,,4.0,,,5.0,,,7.0,,,,,,1.0,,,,,4.0,,7.0,,17.0,,,,2.0,9.0,,,,,,,,,,,,,,2019-04-03
9.8,,8.0,31.0,,1.0,,38.0,8.0,,2.0,,3.0,37.0,,2.0,,,,,,,2.0,,,17.0,,,,,26.0,,,,,,,2.0,,37.0,,10.0,2.0,3.0,44.0,,1.0,,1.0,,,,8.0,,2.0,43.0,2.0,5.0,,,13.0,,1.0,2.0,5.0,8.0,,,,2.0,2.0,,6.0,,1.0,42.0,17.0,,,,,,,1.0,,,,3.0,,,,,15.0,13.0,,7.0,6.0,,,6.0,17.0,1.0,,60.0,4.0,,,9.0,,,7.0,,11.0,,1.0,,1.0,,1.0,1.0,,,9.0,,12.0,,,22.0,,,13.0,,,,,,2.0,,11.0,,,2.0,,32.0,,23.0,,10.0,1.0,,35.0,18.0,,,2.0,,,,,,,,,,2019-04-17
9.10,,38.0,14.0,,4.0,,19.0,7.0,,,,6.0,41.0,1.0,22.0,,,1.0,,,,,,,15.0,,,,,4.0,,,,,,,9.0,,50.0,,6.0,1.0,10.0,9.0,,,,,,,,,,10.0,18.0,4.0,,,,4.0,1.0,4.0,3.0,1.0,,,7.0,,,1.0,,3.0,,1.0,29.0,7.0,,,,,,,,12.0,,,1.0,,,,,3.0,14.0,3.0,15.0,1.0,,,7.0,2.0,,,46.0,,,,2.0,,,6.0,,11.0,,,,3.0,1.0,3.0,4.0,,,2.0,,4.0,,,,,,16.0,,1.0,,,1.0,65.0,,,31.0,,3.0,,17.0,,7.0,,8.0,9.0,,25.0,31.0,,,6.0,,,,,,,,,,2019-05-14
9.11,,120.0,9.0,,9.0,,57.0,16.0,1.0,,,19.0,129.0,2.0,58.0,,,2.0,,,,4.0,,7.0,26.0,3.0,1.0,,,11.0,,,,2.0,,,86.0,,185.0,,14.0,4.0,29.0,8.0,,13.0,,7.0,1.0,,,2.0,,47.0,36.0,30.0,3.0,,,19.0,5.0,18.0,4.0,23.0,7.0,,6.0,,1.0,23.0,,35.0,,7.0,42.0,27.0,,1.0,1.0,,1.0,,,52.0,,,,,,,,9.0,54.0,1.0,157.0,16.0,,1.0,26.0,6.0,,1.0,104.0,5.0,,,5.0,,1.0,26.0,,15.0,,2.0,,32.0,1.0,12.0,28.0,,,11.0,,12.0,,1.0,32.0,,,32.0,,1.0,,,,184.0,,16.0,152.0,,9.0,,67.0,,16.0,,31.0,51.0,2.0,131.0,100.0,,,14.0,,,,,,,,,,2019-05-30
9.12,,91.0,2.0,21.0,17.0,,62.0,26.0,,,1.0,13.0,12.0,,55.0,1.0,,,,,,2.0,,3.0,15.0,11.0,,3.0,,18.0,,,,1.0,,,84.0,,159.0,,22.0,20.0,217.0,3.0,,9.0,,10.0,,,,,,37.0,45.0,38.0,3.0,,,12.0,,13.0,2.0,26.0,4.0,,3.0,,4.0,45.0,,27.0,3.0,3.0,57.0,43.0,,,,1.0,5.0,,3.0,63.0,1.0,,2.0,,,,,11.0,31.0,2.0,179.0,16.0,,4.0,14.0,2.0,1.0,,62.0,4.0,,,12.0,,2.0,31.0,,8.0,,7.0,,46.0,2.0,21.0,26.0,,,5.0,,5.0,,3.0,47.0,,,18.0,,3.0,,,,118.0,,61.0,121.0,,21.0,,32.0,,26.0,,22.0,49.0,1.0,2.0,77.0,,,26.0,,,,,,,,,,2019-06-12
9.13,,127.0,1.0,15.0,24.0,,74.0,50.0,7.0,,,11.0,28.0,,69.0,,,,,,,35.0,,4.0,21.0,4.0,,2.0,,71.0,,,,1.0,,,35.0,,241.0,,46.0,75.0,298.0,1.0,5.0,8.0,,34.0,,,,3.0,1.0,70.0,53.0,45.0,2.0,,,21.0,1.0,16.0,2.0,13.0,9.0,,5.0,,16.0,68.0,5.0,68.0,84.0,7.0,60.0,56.0,,1.0,,2.0,5.0,,,167.0,,,1.0,,,13.0,,47.0,59.0,6.0,146.0,12.0,,2.0,13.0,,1.0,2.0,150.0,2.0,2.0,,22.0,,1.0,51.0,,24.0,,12.0,1.0,64.0,5.0,40.0,61.0,,,21.0,,2.0,,2.0,101.0,,,43.0,5.0,4.0,1.0,93.0,,143.0,,116.0,220.0,,18.0,1.0,29.0,,53.0,,16.0,53.0,4.0,100.0,161.0,,,12.0,,,,,,,,,,2019-06-26
9.14,1.0,127.0,,18.0,15.0,,22.0,56.0,,1.0,,12.0,18.0,,49.0,,,23.0,,1.0,,12.0,,8.0,29.0,4.0,,2.0,,52.0,,,,5.0,1.0,,20.0,,149.0,,33.0,101.0,160.0,1.0,2.0,19.0,1.0,12.0,2.0,,,5.0,,89.0,73.0,45.0,1.0,,,24.0,,19.0,16.0,25.0,4.0,,9.0,,19.0,68.0,,83.0,1.0,2.0,80.0,72.0,,3.0,,,8.0,1.0,,22.0,,,2.0,,,13.0,,26.0,66.0,2.0,117.0,8.0,1.0,1.0,9.0,7.0,2.0,3.0,53.0,1.0,,,10.0,,1.0,43.0,,19.0,,18.0,1.0,72.0,4.0,20.0,53.0,,,31.0,,1.0,,2.0,44.0,,,33.0,2.0,14.0,,114.0,2.0,98.0,1.0,115.0,210.0,,22.0,1.0,14.0,1.0,28.0,1.0,38.0,47.0,,143.0,68.0,,,21.0,,,,,,,,,,2019-07-17
9.15,,99.0,1.0,4.0,13.0,,23.0,30.0,11.0,,,30.0,6.0,,35.0,2.0,,14.0,,2.0,,5.0,2.0,10.0,27.0,2.0,,4.0,,31.0,,1.0,,1.0,1.0,,21.0,,114.0,,57.0,109.0,101.0,1.0,2.0,6.0,,10.0,,1.0,,3.0,,71.0,77.0,40.0,1.0,,,13.0,2.0,33.0,5.0,56.0,2.0,,,,4.0,102.0,5.0,82.0,15.0,1.0,150.0,39.0,,3.0,1.0,3.0,,,,,1.0,1.0,3.0,,,14.0,,18.0,66.0,2.0,90.0,9.0,1.0,1.0,17.0,2.0,3.0,,61.0,,1.0,,7.0,,,22.0,1.0,23.0,,15.0,,35.0,,23.0,50.0,,,21.0,,2.0,,,84.0,,,23.0,,15.0,,105.0,,111.0,,77.0,226.0,,15.0,2.0,9.0,1.0,7.0,1.0,55.0,60.0,,143.0,14.0,,,24.0,,,,,,,,,,2019-07-31
9.16,,65.0,4.0,14.0,7.0,4.0,34.0,36.0,,,,19.0,11.0,2.0,7.0,,,18.0,,,2.0,2.0,,5.0,26.0,,,,,33.0,,,,,,,5.0,3.0,46.0,,39.0,15.0,52.0,,,1.0,2.0,6.0,4.0,,,15.0,,49.0,20.0,65.0,,,,10.0,6.0,16.0,2.0,38.0,4.0,,3.0,,8.0,81.0,8.0,22.0,12.0,2.0,122.0,16.0,,2.0,,,,,6.0,1.0,2.0,,1.0,,,7.0,,14.0,34.0,,48.0,3.0,1.0,,17.0,,3.0,,15.0,3.0,,2.0,34.0,,,15.0,,17.0,,13.0,,32.0,3.0,20.0,20.0,,,25.0,1.0,3.0,,6.0,42.0,,,32.0,1.0,11.0,,109.0,,97.0,,36.0,127.0,,24.0,5.0,10.0,,7.0,,43.0,87.0,,86.0,5.0,,,16.0,,,,,,,,,,2019-08-14
9.17,,,,,,,,,,,,2.0,,,,,,,,,,,,,1.0,,,,,3.0,,,,,,,,1.0,5.0,,,4.0,2.0,,,,,,,,,,,2.0,,2.0,,,,,,,,,,,,,,1.0,,,1.0,,2.0,,,,,,,,,,,,,,,,,,,,1.0,,,,2.0,,,,,,,,2.0,,,,,,,2.0,,1.0,,,1.0,,,,,,,,,,,1.0,,1.0,,1.0,,,,,4.0,,,,,,,,1.0,1.0,,5.0,,,,1.0,,,,,,,,,,2019-08-28
9.18,,2.0,,,,,2.0,4.0,,,,,,,,,,2.0,,,,,,,,,,,,,,,,,,,,,5.0,,,,2.0,,,,,1.0,,,,,,4.0,4.0,,,,,,,,2.0,,,,,,,4.0,1.0,,,,5.0,4.0,,,,,,,,,,,,,,,,,2.0,,,2.0,,,,,,,,,,,2.0,,,1.0,,1.0,,,,,,,3.0,,,,,,,,,,,,,3.0,1.0,2.0,,,,3.0,9.0,,5.0,,,,,,,5.0,,7.0,,,,1.0,,,,,,,,,,2019-09-11
9.19,,20.0,10.0,23.0,,,44.0,16.0,1.0,43.0,,7.0,26.0,,2.0,,,21.0,,,,3.0,,5.0,19.0,,,,,3.0,1.0,,,,,,1.0,,20.0,,34.0,1.0,4.0,,9.0,,,4.0,6.0,,,8.0,,62.0,13.0,34.0,2.0,,,13.0,5.0,18.0,5.0,9.0,13.0,,,,,34.0,119.0,11.0,1.0,,54.0,5.0,1.0,10.0,,,,,2.0,,,,,,,1.0,,1.0,25.0,,,4.0,,,7.0,,,,13.0,3.0,,9.0,67.0,,,,,17.0,,8.0,,18.0,,4.0,7.0,,,3.0,2.0,,,1.0,4.0,,,12.0,,12.0,,86.0,,2.0,,,26.0,,9.0,,21.0,,2.0,,28.0,45.0,6.0,1.0,1.0,,,12.0,,,,,,,,,,2019-09-25
9.22,,14.0,3.0,2.0,,,,1.0,,,,,18.0,,1.0,,,5.0,,,2.0,,,,6.0,,,2.0,,3.0,,,,,,,,2.0,15.0,,4.0,,,,3.0,,,2.0,1.0,,1.0,,,3.0,2.0,5.0,,,,5.0,,6.0,6.0,,,,4.0,,,3.0,,1.0,4.0,,14.0,3.0,,5.0,,,,,,,,,,,,,2.0,3.0,14.0,,,2.0,,,,1.0,,,,2.0,,,14.0,,,,,4.0,,,4.0,6.0,,1.0,5.0,,,2.0,1.0,,,,3.0,,21.0,,,15.0,,7.0,,7.0,,1.0,1.0,,5.0,,3.0,,1.0,,5.0,14.0,6.0,2.0,,,,1.0,,,,,,,,,,2019-11-06
9.23,,59.0,2.0,,,,26.0,11.0,,,,,49.0,,,,,2.0,,,27.0,,,1.0,17.0,,,,,1.0,,,,,,,,1.0,26.0,,31.0,,1.0,,,,,7.0,,,,13.0,,37.0,7.0,38.0,6.0,,,21.0,,6.0,49.0,,,,3.0,,,19.0,31.0,,24.0,1.0,79.0,,,11.0,,3.0,,,1.0,,,1.0,,,,,,1.0,21.0,,,16.0,,,,,,,5.0,5.0,,2.0,18.0,,,12.0,,13.0,,,,3.0,,7.0,5.0,,,,,4.0,,,6.0,,33.0,26.0,,,1.0,49.0,,4.0,,,,,16.0,,12.0,,1.0,,2.0,20.0,6.0,1.0,,,,,,,,,,,,,,2019-11-20
9.24b,,6.0,,1.0,,,24.0,,,,,,9.0,,,,,,,,21.0,,2.0,2.0,6.0,,,,,,,,,,,,,,27.0,,3.0,,,,,,,1.0,5.0,,,3.0,,13.0,3.0,13.0,4.0,,,9.0,1.0,9.0,11.0,,1.0,,,,1.0,12.0,5.0,,7.0,,43.0,3.0,,7.0,,,,,,,,,,,,,,6.0,7.0,,2.0,4.0,,,,,,,1.0,5.0,,2.0,28.0,4.0,,3.0,,1.0,,,,4.0,,2.0,9.0,,,3.0,,1.0,,,9.0,,7.0,44.0,,,4.0,12.0,,7.0,,1.0,2.0,,9.0,,10.0,,,,3.0,7.0,5.0,,,,,6.0,,,,,,,,,,2019-12-18
10.1,,21.0,,,,,29.0,6.0,,1.0,,,13.0,,,,,,,,11.0,,,2.0,2.0,1.0,,,,1.0,,,,,,,,,28.0,,16.0,,,,1.0,,,1.0,,,,1.0,,19.0,20.0,39.0,9.0,,,14.0,,43.0,8.0,,,,3.0,,,32.0,31.0,,26.0,,73.0,2.0,,12.0,,,1.0,,1.0,,,,,,,,,7.0,11.0,,,3.0,,,1.0,,,,2.0,2.0,2.0,1.0,,2.0,,10.0,,,,,,10.0,,7.0,7.0,,,8.0,,,,,5.0,,20.0,54.0,,,1.0,41.0,,8.0,,,,,13.0,,11.0,,,,8.0,2.0,23.0,3.0,,34.0,,,,,7.0,,,,,,,2020-01-08
10.2,,36.0,2.0,,,1.0,74.0,5.0,,3.0,,,20.0,,,41.0,,7.0,,,29.0,3.0,1.0,,2.0,1.0,,,,6.0,,,,,,,,,36.0,,27.0,,5.0,,1.0,,,,18.0,,,4.0,,27.0,66.0,89.0,12.0,,,38.0,,95.0,30.0,,4.0,,4.0,,1.0,41.0,52.0,,51.0,1.0,176.0,6.0,,41.0,,,3.0,,,,,,,,,,,15.0,25.0,2.0,3.0,5.0,,,2.0,,,3.0,1.0,3.0,9.0,2.0,82.0,,,24.0,,1.0,,,,27.0,2.0,19.0,9.0,,,32.0,1.0,1.0,,,21.0,,30.0,108.0,,2.0,2.0,45.0,,37.0,,,8.0,,36.0,,32.0,,5.0,2.0,17.0,27.0,46.0,4.0,,55.0,,1.0,,,115.0,,,,,,,2020-01-23
10.3,,75.0,,,,,80.0,9.0,,2.0,,1.0,19.0,,1.0,105.0,,6.0,,,26.0,1.0,,,9.0,2.0,,,,20.0,,,,,,,1.0,,21.0,,14.0,2.0,3.0,4.0,1.0,5.0,1.0,1.0,18.0,,,4.0,,36.0,58.0,82.0,12.0,,,35.0,3.0,35.0,24.0,,4.0,,4.0,,1.0,50.0,50.0,18.0,43.0,,,5.0,,19.0,,,3.0,,3.0,,,3.0,,,,3.0,,7.0,38.0,4.0,25.0,10.0,8.0,,,,,,1.0,1.0,4.0,6.0,85.0,,,70.0,,1.0,,2.0,1.0,18.0,1.0,4.0,7.0,,,27.0,,3.0,,,17.0,,29.0,53.0,,,12.0,33.0,,28.0,,22.0,62.0,,38.0,5.0,36.0,,10.0,4.0,13.0,28.0,87.0,2.0,,126.0,,2.0,,,86.0,,,,,,,2020-02-05
10.4,,107.0,4.0,,,1.0,127.0,15.0,,4.0,,4.0,6.0,,1.0,4.0,,5.0,,,21.0,2.0,,,7.0,2.0,2.0,,,22.0,1.0,,,,,,,2.0,27.0,2.0,35.0,9.0,9.0,12.0,1.0,14.0,,4.0,11.0,,,10.0,1.0,40.0,53.0,96.0,6.0,,,34.0,1.0,52.0,32.0,,8.0,,2.0,,3.0,45.0,85.0,19.0,46.0,,6.0,6.0,,23.0,,,4.0,,,,,3.0,1.0,,,2.0,,31.0,57.0,8.0,37.0,8.0,5.0,,1.0,,,2.0,4.0,1.0,7.0,3.0,79.0,,,87.0,,2.0,,2.0,2.0,25.0,3.0,10.0,16.0,,,27.0,,3.0,,,30.0,,175.0,45.0,,4.0,13.0,15.0,,40.0,,30.0,93.0,,54.0,1.0,52.0,,28.0,10.0,19.0,16.0,184.0,24.0,,136.0,,1.0,,,159.0,,,,,,,2020-02-20
10.5,,122.0,8.0,,1.0,,131.0,6.0,,,,4.0,,,4.0,,,5.0,,,35.0,,,2.0,20.0,1.0,,,,18.0,1.0,,,2.0,,,,28.0,49.0,,18.0,5.0,5.0,14.0,,10.0,,,20.0,1.0,,9.0,5.0,104.0,68.0,122.0,7.0,,,42.0,1.0,42.0,17.0,3.0,2.0,,12.0,,2.0,32.0,77.0,22.0,35.0,1.0,7.0,8.0,,18.0,,,,1.0,,,,5.0,,,,3.0,,61.0,42.0,4.0,51.0,4.0,2.0,,1.0,,1.0,,12.0,3.0,8.0,4.0,75.0,1.0,,116.0,,14.0,,2.0,4.0,7.0,1.0,6.0,3.0,,,31.0,,10.0,,,39.0,,185.0,34.0,,4.0,21.0,14.0,,30.0,,45.0,47.0,,76.0,,38.0,,85.0,8.0,8.0,10.0,77.0,39.0,12.0,203.0,,1.0,,,162.0,,,,,,,2020-03-04
10.6,,123.0,15.0,1.0,1.0,,193.0,5.0,,1.0,,2.0,5.0,,,,,2.0,,,22.0,1.0,1.0,4.0,8.0,21.0,,,,23.0,,,,,,,,73.0,52.0,,26.0,16.0,5.0,65.0,,84.0,,,16.0,3.0,,7.0,17.0,111.0,127.0,124.0,5.0,81.0,,42.0,4.0,65.0,21.0,1.0,4.0,1.0,11.0,,9.0,67.0,95.0,19.0,44.0,,14.0,6.0,,10.0,,,1.0,,,,,1.0,,8.0,,6.0,,101.0,48.0,6.0,37.0,6.0,1.0,,,,,,17.0,11.0,6.0,2.0,140.0,1.0,,140.0,1.0,5.0,,2.0,6.0,9.0,1.0,7.0,5.0,,,28.0,,16.0,,1.0,54.0,,223.0,30.0,,3.0,19.0,11.0,,50.0,,96.0,63.0,,102.0,8.0,48.0,1.0,203.0,14.0,28.0,11.0,117.0,39.0,8.0,211.0,,2.0,,,196.0,,,,,,,2020-03-18
10.7,,61.0,26.0,1.0,,,95.0,6.0,,,,1.0,1.0,1.0,,,,6.0,,,21.0,,,,9.0,8.0,,,,17.0,,,,,,,,38.0,27.0,,21.0,27.0,6.0,33.0,,61.0,,,17.0,2.0,,1.0,8.0,53.0,63.0,52.0,5.0,,,30.0,3.0,30.0,7.0,4.0,2.0,,3.0,,1.0,20.0,48.0,7.0,22.0,,24.0,5.0,,9.0,1.0,,,,,,,2.0,,37.0,,2.0,,92.0,36.0,2.0,20.0,,5.0,,1.0,,2.0,1.0,30.0,4.0,4.0,4.0,91.0,2.0,,55.0,,1.0,,2.0,1.0,11.0,2.0,7.0,9.0,,,19.0,1.0,14.0,,,21.0,,95.0,21.0,,1.0,13.0,5.0,,39.0,,79.0,34.0,,61.0,2.0,19.0,,144.0,10.0,6.0,2.0,92.0,21.0,1.0,96.0,,1.0,,,130.0,,,,,,,2020-04-01
10.8,,10.0,6.0,,,,33.0,3.0,,,,,,,,,,1.0,,,5.0,1.0,,,1.0,,,1.0,,10.0,,,,,,,,12.0,7.0,,10.0,8.0,1.0,8.0,,26.0,,,3.0,5.0,,1.0,3.0,15.0,14.0,14.0,,,,10.0,,3.0,1.0,,5.0,,,,3.0,14.0,18.0,3.0,1.0,,7.0,,,,2.0,,,1.0,,,,,,24.0,,,,29.0,10.0,6.0,2.0,,6.0,4.0,,,,,19.0,,1.0,,38.0,,,14.0,,,,1.0,,5.0,,1.0,1.0,,,5.0,,3.0,,,13.0,,27.0,1.0,,,7.0,,,9.0,,19.0,17.0,,22.0,,2.0,,16.0,5.0,1.0,1.0,21.0,6.0,,13.0,,,,,32.0,,,,,,,2020-04-15
10.9,,3.0,,,,,11.0,,,,,,5.0,,,,,1.0,,,3.0,,,,2.0,,,,,,,,,,,,,,3.0,,1.0,,1.0,,,3.0,,,1.0,,,,,11.0,,2.0,1.0,6.0,,2.0,,1.0,1.0,,,,6.0,,,2.0,,,2.0,,,1.0,,,,,,,,,,,,9.0,,,,11.0,1.0,,,,,,,,,,8.0,,,,14.0,,,8.0,,3.0,,,,,,,,,,5.0,,,,,,,,7.0,,1.0,,,,,,,1.0,,9.0,,1.0,,16.0,10.0,,3.0,3.0,1.0,,2.0,,,,,8.0,,,,,,,2020-04-29
10.10,,7.0,9.0,4.0,,,14.0,,4.0,,,,,,,,,4.0,,,,,,,,,,,,,,,,,,,,,4.0,,4.0,8.0,7.0,2.0,,12.0,,,2.0,1.0,,,2.0,9.0,2.0,9.0,,9.0,,8.0,,6.0,1.0,1.0,,,16.0,,,,10.0,7.0,7.0,,1.0,1.0,,1.0,1.0,,,,,,,,,19.0,,,,35.0,9.0,,,,,,,,,,3.0,5.0,,,23.0,,,18.0,,1.0,,,,,,,,,,5.0,,7.0,,,1.0,,6.0,4.0,,,1.0,,,1.0,,9.0,8.0,,12.0,,4.0,,19.0,2.0,,,17.0,7.0,,7.0,,1.0,,,21.0,,,,,,,2020-05-13
10.11,,21.0,22.0,31.0,,2.0,85.0,5.0,9.0,5.0,,,,,2.0,5.0,,1.0,,,7.0,6.0,,,1.0,3.0,,,,3.0,,,,,,,,25.0,8.0,,9.0,16.0,68.0,1.0,,68.0,,1.0,7.0,5.0,3.0,1.0,4.0,42.0,27.0,8.0,9.0,61.0,,22.0,2.0,9.0,7.0,,,,40.0,,,3.0,11.0,45.0,19.0,,4.0,4.0,1.0,6.0,1.0,,,,,,,1.0,1.0,94.0,,,,181.0,32.0,2.0,,2.0,,9.0,1.0,3.0,,3.0,15.0,3.0,4.0,1.0,121.0,1.0,,60.0,,2.0,,1.0,,6.0,,1.0,6.0,,,9.0,,11.0,,,4.0,,27.0,4.0,,,16.0,2.0,,18.0,,45.0,79.0,,57.0,2.0,12.0,,117.0,20.0,,,64.0,10.0,,40.0,,1.0,,,82.0,,,,,,,2020-05-28
10.12,,36.0,54.0,88.0,,7.0,107.0,,12.0,11.0,,1.0,4.0,2.0,5.0,1.0,,3.0,,,4.0,11.0,,5.0,5.0,6.0,,,1.0,3.0,1.0,,,,2.0,,,14.0,9.0,,23.0,13.0,118.0,5.0,,95.0,,1.0,11.0,7.0,3.0,1.0,6.0,52.0,25.0,18.0,43.0,97.0,,34.0,,5.0,8.0,,3.0,,75.0,,4.0,7.0,23.0,75.0,47.0,4.0,8.0,7.0,,11.0,3.0,,,,2.0,,,,,65.0,,48.0,,252.0,51.0,2.0,,2.0,8.0,13.0,2.0,3.0,,3.0,30.0,6.0,2.0,6.0,193.0,2.0,1.0,91.0,,5.0,,1.0,,8.0,1.0,6.0,7.0,,,15.0,,13.0,,,15.0,,37.0,5.0,,,14.0,1.0,,26.0,,58.0,95.0,,90.0,5.0,24.0,,160.0,29.0,4.0,,94.0,9.0,1.0,97.0,,1.0,,,101.0,,,,,,,2020-06-10
10.13,,49.0,47.0,122.0,,3.0,72.0,1.0,11.0,11.0,,3.0,5.0,2.0,,,,1.0,,2.0,2.0,28.0,,10.0,6.0,1.0,,,,9.0,2.0,,,,1.0,,,13.0,9.0,,23.0,10.0,108.0,15.0,,76.0,,,9.0,9.0,,2.0,1.0,76.0,16.0,11.0,62.0,108.0,,68.0,,5.0,10.0,1.0,2.0,,112.0,,,1.0,43.0,68.0,45.0,1.0,10.0,31.0,,35.0,,,,2.0,,,,4.0,1.0,91.0,,118.0,,208.0,46.0,1.0,,2.0,1.0,5.0,1.0,1.0,,,49.0,3.0,,6.0,130.0,1.0,,78.0,,2.0,,7.0,,10.0,,5.0,16.0,,,29.0,,17.0,,,35.0,,48.0,19.0,,1.0,15.0,,,11.0,,61.0,14.0,,115.0,2.0,14.0,,142.0,60.0,3.0,2.0,63.0,21.0,,89.0,,2.0,,,112.0,,,,,,,2020-06-24
10.14,,46.0,72.0,158.0,,5.0,69.0,2.0,1.0,13.0,,4.0,1.0,6.0,,,,3.0,,,1.0,60.0,,11.0,6.0,1.0,,,2.0,36.0,,,,,,,,7.0,4.0,,40.0,13.0,155.0,10.0,,49.0,,,7.0,16.0,1.0,5.0,2.0,95.0,6.0,10.0,56.0,87.0,,68.0,,11.0,12.0,,11.0,,99.0,,5.0,8.0,21.0,65.0,46.0,1.0,10.0,39.0,,28.0,1.0,,3.0,3.0,2.0,,1.0,4.0,,78.0,,152.0,,7.0,40.0,1.0,4.0,2.0,6.0,4.0,2.0,,12.0,3.0,44.0,3.0,,5.0,98.0,,,100.0,1.0,7.0,,,,3.0,1.0,6.0,60.0,,,22.0,2.0,7.0,,,29.0,,53.0,15.0,1.0,,16.0,,,7.0,,65.0,6.0,,99.0,1.0,20.0,,101.0,100.0,7.0,1.0,82.0,30.0,2.0,126.0,,,,,104.0,,,,,,,2020-07-08
10.15,,66.0,75.0,105.0,1.0,4.0,61.0,4.0,8.0,7.0,,,4.0,4.0,,2.0,,6.0,,2.0,2.0,68.0,,8.0,30.0,2.0,,,,24.0,1.0,,,,,3.0,21.0,8.0,14.0,2.0,43.0,11.0,106.0,2.0,,43.0,3.0,86.0,13.0,7.0,,3.0,1.0,93.0,5.0,3.0,49.0,41.0,,58.0,,3.0,9.0,,2.0,,98.0,,4.0,8.0,23.0,45.0,31.0,1.0,24.0,27.0,,19.0,,,3.0,1.0,8.0,18.0,,,4.0,63.0,,134.0,,4.0,34.0,1.0,9.0,3.0,1.0,2.0,3.0,3.0,19.0,,45.0,2.0,,4.0,87.0,,,97.0,1.0,2.0,,4.0,,6.0,2.0,2.0,75.0,,,7.0,7.0,7.0,,,20.0,,64.0,27.0,,,10.0,7.0,,8.0,,62.0,11.0,,77.0,4.0,9.0,,96.0,66.0,2.0,1.0,44.0,19.0,,10.0,,,,,113.0,15.0,,,,,,2020-07-22
10.16,,82.0,74.0,160.0,,,68.0,4.0,,4.0,,5.0,5.0,15.0,,,,21.0,,,2.0,62.0,,12.0,46.0,13.0,,16.0,,28.0,1.0,,,,,4.0,13.0,5.0,21.0,,59.0,12.0,34.0,4.0,,36.0,1.0,250.0,13.0,2.0,,2.0,,107.0,6.0,3.0,81.0,14.0,,44.0,1.0,4.0,4.0,6.0,14.0,,127.0,,,8.0,30.0,43.0,20.0,1.0,90.0,17.0,,33.0,,,1.0,3.0,53.0,27.0,,2.0,,73.0,,59.0,1.0,3.0,46.0,,10.0,1.0,8.0,5.0,4.0,45.0,8.0,3.0,43.0,,,10.0,36.0,,,99.0,,6.0,,10.0,2.0,,4.0,12.0,88.0,,,17.0,15.0,20.0,,1.0,49.0,,62.0,131.0,,,10.0,4.0,,8.0,,76.0,21.0,,96.0,1.0,2.0,,108.0,82.0,8.0,1.0,63.0,30.0,9.0,10.0,,,,,148.0,95.0,,,,,,2020-08-05
10.17,,,,2.0,,,1.0,,,,,,,,,,,,,,,,,,,,,,,,,,,,,,,,1.0,,1.0,,,,,,,2.0,,,,,,1.0,,,,,,,,,,,,,2.0,,,,,,,,1.0,,,1.0,,,,,,,,,,1.0,,,,,,,,,,,,,,,,,,,,,,,,,,,,,,,,,,1.0,,,,,,,,2.0,,,,,,,,1.0,,,,,,,,,,,1.0,,,,,,,,2.0,,,,,,,2020-08-19
10.19,,1.0,29.0,96.0,,,16.0,3.0,,,,25.0,,5.0,,,,,,,2.0,53.0,,9.0,6.0,,,11.0,22.0,4.0,,,,,,,,6.0,6.0,,9.0,,4.0,,,,7.0,44.0,5.0,3.0,,1.0,1.0,66.0,2.0,1.0,47.0,10.0,,17.0,1.0,9.0,1.0,,,,101.0,,,3.0,56.0,40.0,10.0,,23.0,3.0,,37.0,,,,,47.0,4.0,,,,37.0,,20.0,,,17.0,,,3.0,1.0,8.0,6.0,12.0,,2.0,5.0,,,1.0,56.0,,,34.0,,12.0,,,,,1.0,2.0,83.0,,,5.0,23.0,15.0,,,16.0,,19.0,102.0,,,6.0,,,,,19.0,4.0,,30.0,,,,28.0,25.0,17.0,,81.0,22.0,,8.0,,,,,47.0,45.0,,,,,,2020-09-16
10.20,2.0,1.0,3.0,6.0,,2.0,3.0,4.0,5.0,,,,,,,,,4.0,,,,1.0,,,7.0,,,2.0,1.0,1.0,,,,,,,,8.0,12.0,,2.0,2.0,,,,,,10.0,,2.0,2.0,,,2.0,,1.0,5.0,1.0,,1.0,,2.0,3.0,,,,3.0,,,,1.0,3.0,,3.0,12.0,,,2.0,1.0,,,,11.0,,,,,10.0,,1.0,,,3.0,,,7.0,,4.0,1.0,12.0,7.0,,,,,,5.0,,3.0,,,,,,3.0,,,,12.0,,,4.0,,2.0,,,2.0,,2.0,11.0,,,1.0,3.0,,,,,,20.0,5.0,,2.0,1.0,1.0,,5.0,,5.0,4.0,,,,,,3.0,4.0,5.0,,,,,,2020-09-30
10.21,,,4.0,3.0,,,5.0,1.0,9.0,,,,,1.0,,,,2.0,,,,4.0,,,6.0,,,,2.0,2.0,,,,,,,,8.0,10.0,1.0,,,,,,,,5.0,6.0,1.0,1.0,,,,,,2.0,,,,1.0,,1.0,,,,1.0,,,,3.0,4.0,1.0,,7.0,,,3.0,,,,,13.0,,,,,10.0,1.0,3.0,,,6.0,,,1.0,,2.0,,12.0,8.0,,,,2.0,,2.0,,2.0,,,,,,1.0,1.0,3.0,,8.0,,,5.0,1.0,,,,1.0,,2.0,12.0,,,1.0,3.0,,,,,1.0,14.0,3.0,,1.0,,,2.0,,,8.0,8.0,,,,1.0,,4.0,1.0,2.0,,,,,,2020-10-14
10.22,,,8.0,9.0,,,4.0,3.0,14.0,,,1.0,,,,,,5.0,,,,5.0,,1.0,3.0,,,,1.0,5.0,,1.0,,,,,,4.0,16.0,,1.0,1.0,,,,,,7.0,1.0,6.0,1.0,,,6.0,,,2.0,,,1.0,1.0,1.0,3.0,,,,7.0,,,,8.0,4.0,1.0,,11.0,,,12.0,,,,1.0,12.0,,,1.0,,8.0,8.0,8.0,2.0,,6.0,,,5.0,,4.0,,17.0,5.0,,,,2.0,,13.0,,,,,,4.0,,8.0,,2.0,,10.0,,,3.0,3.0,5.0,,1.0,,,2.0,13.0,,,,2.0,,,,,2.0,9.0,3.0,,,4.0,,,3.0,,14.0,12.0,4.0,1.0,,,,5.0,2.0,12.0,,,,,,2020-10-28
10.23,,2.0,11.0,8.0,,,3.0,,,,,1.0,,,,,,,,,4.0,5.0,,2.0,,,,,,,,1.0,,,,,,,,,,,,,,,,,,1.0,,,,12.0,,,2.0,,,,,,,,,,,,,,3.0,,,,12.0,,,9.0,,,,,6.0,,,,,15.0,,2.0,,,1.0,,,1.0,,,,5.0,,,5.0,,,,2.0,,11.0,,,5.0,3.0,,,,,,12.0,,,3.0,3.0,,,,,,,7.0,,,2.0,1.0,,,,,,17.0,,,,,,,,,1.0,3.0,,,,,,,8.0,1.0,,,,,,2020-11-11
10.25,,37.0,23.0,16.0,,,3.0,,,,,20.0,1.0,1.0,,,,1.0,,3.0,21.0,1.0,,3.0,4.0,,,,1.0,,,,,1.0,,,,,4.0,,1.0,,,1.0,,,,1.0,,7.0,,,6.0,48.0,1.0,2.0,22.0,1.0,,1.0,1.0,1.0,2.0,1.0,,,11.0,,3.0,11.0,54.0,4.0,1.0,,75.0,6.0,,27.0,,,,,7.0,,4.0,,,32.0,3.0,2.0,,,3.0,11.0,,1.0,,,4.0,8.0,,3.0,8.0,2.0,,,9.0,2.0,,29.0,,19.0,,,,,,47.0,26.0,,,1.0,14.0,13.0,,,,,,42.0,,,7.0,1.0,,18.0,,2.0,,47.0,22.0,,,,4.0,2.0,3.0,1.0,25.0,10.0,,7.0,,,,6.0,18.0,17.0,,,,,,2020-12-09
11.1,,156.0,59.0,96.0,,2.0,7.0,2.0,1.0,,,76.0,6.0,,,,,17.0,,,16.0,2.0,,4.0,,2.0,,,,,,,,3.0,,,,1.0,19.0,,25.0,,1.0,,,,1.0,,1.0,8.0,,,14.0,103.0,2.0,3.0,52.0,2.0,,3.0,1.0,2.0,,,,,82.0,11.0,,47.0,195.0,2.0,,,143.0,11.0,,52.0,,,,,6.0,,,,,40.0,,9.0,3.0,,8.0,16.0,3.0,1.0,,6.0,2.0,18.0,1.0,1.0,41.0,,,3.0,79.0,,,70.0,,64.0,20.0,58.0,1.0,,,135.0,124.0,,,,11.0,4.0,,,,,2.0,75.0,,,6.0,,,46.0,,8.0,,85.0,66.0,,,1.0,10.0,1.0,11.0,16.0,50.0,5.0,,82.0,42.0,,,46.0,46.0,44.0,,,,,,2021-01-06
11.2,,162.0,40.0,109.0,,,1.0,,,,,70.0,7.0,7.0,,,,14.0,,,12.0,4.0,,3.0,,3.0,,,,1.0,,,,,,2.0,,1.0,40.0,,36.0,,2.0,,,,,,3.0,6.0,,4.0,,156.0,6.0,5.0,60.0,4.0,,1.0,7.0,2.0,2.0,1.0,,,42.0,77.0,,63.0,167.0,2.0,1.0,,3.0,2.0,,39.0,,,,,2.0,,,,,28.0,,10.0,2.0,1.0,7.0,19.0,,4.0,,7.0,1.0,14.0,,2.0,39.0,,,6.0,44.0,,,90.0,,76.0,121.0,105.0,,2.0,1.0,121.0,126.0,,,2.0,2.0,4.0,,,1.0,,39.0,43.0,1.0,,5.0,,,18.0,,72.0,,60.0,81.0,,,1.0,31.0,,21.0,34.0,23.0,11.0,,51.0,90.0,,,31.0,42.0,59.0,,,,,,2021-01-21
11.3,,107.0,26.0,93.0,,1.0,2.0,,,,,64.0,7.0,26.0,1.0,,1.0,38.0,,,7.0,2.0,,,1.0,1.0,,,,5.0,1.0,,,4.0,,3.0,,1.0,41.0,1.0,36.0,4.0,4.0,,1.0,,,,4.0,8.0,,8.0,1.0,145.0,4.0,1.0,64.0,5.0,,,10.0,5.0,3.0,17.0,,,58.0,179.0,,72.0,9.0,12.0,3.0,1.0,1.0,3.0,,17.0,1.0,,,,2.0,,,,,42.0,,10.0,,3.0,14.0,18.0,,2.0,,1.0,1.0,41.0,,2.0,45.0,,,3.0,64.0,,7.0,90.0,,103.0,129.0,103.0,,,,28.0,128.0,,,1.0,1.0,5.0,,,4.0,,52.0,50.0,1.0,4.0,2.0,,,27.0,,104.0,1.0,54.0,112.0,,2.0,4.0,40.0,1.0,16.0,34.0,12.0,9.0,,34.0,133.0,,,29.0,23.0,93.0,,,,,,2021-02-03
11.4,,87.0,43.0,62.0,1.0,,,1.0,2.0,,,53.0,15.0,28.0,3.0,,,89.0,,1.0,3.0,,,2.0,5.0,9.0,,,,6.0,1.0,1.0,,5.0,,,,,47.0,1.0,24.0,4.0,5.0,,,,,8.0,1.0,10.0,3.0,13.0,2.0,109.0,5.0,2.0,64.0,5.0,,,5.0,4.0,2.0,28.0,3.0,,23.0,186.0,1.0,50.0,4.0,11.0,1.0,,1.0,4.0,,15.0,,,,,3.0,3.0,,,1.0,21.0,,10.0,,1.0,15.0,34.0,2.0,1.0,1.0,3.0,2.0,61.0,1.0,2.0,40.0,1.0,,,67.0,,3.0,51.0,,55.0,176.0,114.0,,4.0,1.0,5.0,97.0,,,3.0,6.0,7.0,,18.0,7.0,7.0,72.0,59.0,1.0,1.0,5.0,1.0,,39.0,,102.0,1.0,2.0,154.0,,2.0,1.0,35.0,1.0,16.0,30.0,11.0,10.0,1.0,19.0,127.0,,,30.0,18.0,112.0,,,,,,2021-02-18
11.5,,64.0,49.0,93.0,,11.0,4.0,,2.0,,,64.0,26.0,44.0,6.0,,,153.0,,,1.0,,,1.0,5.0,8.0,,2.0,,11.0,4.0,,,1.0,,4.0,,3.0,42.0,,26.0,2.0,21.0,,,1.0,,12.0,1.0,13.0,9.0,53.0,1.0,155.0,3.0,4.0,136.0,9.0,,1.0,9.0,3.0,6.0,15.0,4.0,1.0,56.0,125.0,,72.0,,22.0,1.0,,,4.0,1.0,21.0,,,,,6.0,,,,11.0,19.0,,3.0,,10.0,19.0,27.0,,1.0,1.0,3.0,3.0,169.0,1.0,,63.0,,,3.0,52.0,,3.0,84.0,,80.0,184.0,148.0,,4.0,,7.0,89.0,,,6.0,2.0,8.0,,14.0,11.0,,62.0,58.0,,1.0,6.0,1.0,,40.0,,70.0,1.0,6.0,205.0,,2.0,,38.0,,29.0,27.0,8.0,36.0,,10.0,133.0,,,26.0,21.0,131.0,,,,,,2021-03-03
11.6,,27.0,25.0,59.0,1.0,6.0,4.0,,1.0,,,65.0,20.0,45.0,,1.0,,119.0,,,5.0,1.0,,3.0,,7.0,,3.0,,4.0,8.0,,,,,,,7.0,22.0,,11.0,3.0,11.0,,,,1.0,1.0,3.0,12.0,,73.0,1.0,80.0,,1.0,94.0,13.0,,1.0,6.0,,,10.0,1.0,2.0,39.0,104.0,,53.0,,8.0,2.0,1.0,41.0,4.0,,11.0,1.0,,,,,,,,5.0,3.0,,26.0,,10.0,14.0,34.0,1.0,1.0,1.0,1.0,,130.0,,5.0,38.0,,,6.0,17.0,,2.0,51.0,,60.0,131.0,104.0,,5.0,2.0,1.0,46.0,,,7.0,2.0,,,57.0,63.0,,82.0,69.0,,1.0,,1.0,,24.0,1.0,51.0,,6.0,203.0,,,,29.0,1.0,33.0,32.0,9.0,84.0,,7.0,81.0,,,18.0,26.0,93.0,,,,,,2021-03-17
11.7,,,,,,1.0,,,,,,,1.0,,,,,4.0,,,,,,,,,,,,,1.0,,,,,,,3.0,,,,,,,,,,,,,,,,,,,4.0,,,,,,1.0,,,,,,,,,1.0,,,,,,,,,,,,,,,,,,,,2.0,,2.0,,,,,,1.0,1.0,,1.0,,,,,,,,,4.0,4.0,,,,,,,,,,,1.0,,,2.0,,,,,,,,,,,2.0,,,2.0,,,,,,,,,2.0,,,,,,,,,,,,,,2021-03-31
11.9,,4.0,6.0,10.0,,13.0,1.0,,2.0,,,18.0,9.0,6.0,,,,15.0,,,,1.0,,,36.0,,,,,2.0,,1.0,,,,,,1.0,7.0,,3.0,,2.0,,,,,,1.0,2.0,,30.0,,76.0,,,26.0,9.0,,61.0,,28.0,,,,,6.0,35.0,,7.0,,1.0,,,9.0,,,25.0,,,,,,,,,3.0,,,2.0,,72.0,24.0,17.0,,,,2.0,6.0,,,,26.0,,11.0,,8.0,,,28.0,,7.0,,26.0,,,,,7.0,,,1.0,,1.0,,2.0,11.0,,51.0,59.0,,,,4.0,,1.0,,,,3.0,71.0,,,,8.0,,5.0,5.0,2.0,27.0,,,13.0,,,3.0,17.0,3.0,,,,,,2021-04-28
11.11,,5.0,4.0,28.0,19.0,,17.0,,1.0,,,12.0,20.0,2.0,3.0,,,11.0,,,,,,4.0,,1.0,,2.0,,1.0,1.0,1.0,,,,,,,12.0,,10.0,,116.0,,,,,1.0,,1.0,2.0,105.0,,165.0,,,20.0,14.0,,92.0,,72.0,,,,,14.0,80.0,,9.0,,48.0,,,69.0,3.0,,46.0,,,,8.0,,,,,1.0,,,25.0,,104.0,47.0,7.0,,,,58.0,1.0,,,1.0,46.0,,13.0,,4.0,,,21.0,,18.0,2.0,36.0,,3.0,,1.0,11.0,,,15.0,2.0,4.0,,4.0,22.0,55.0,62.0,104.0,1.0,1.0,,2.0,,2.0,,8.0,3.0,1.0,98.0,,,,30.0,9.0,10.0,1.0,2.0,41.0,1.0,2.0,8.0,,,,64.0,5.0,81.0,,,,,2021-05-26
11.12,,5.0,11.0,10.0,143.0,,51.0,,2.0,,,12.0,17.0,,,1.0,,14.0,,,1.0,1.0,1.0,1.0,1.0,1.0,,4.0,,3.0,,,,1.0,,2.0,,,6.0,,8.0,,144.0,5.0,,4.0,,,2.0,,2.0,144.0,,136.0,,3.0,13.0,12.0,,118.0,1.0,77.0,,1.0,,,21.0,9.0,,15.0,,80.0,,,198.0,,,72.0,,,,14.0,,,,,1.0,,,40.0,,99.0,63.0,3.0,3.0,,8.0,106.0,3.0,2.0,,2.0,35.0,2.0,35.0,,5.0,,1.0,13.0,,30.0,1.0,33.0,,2.0,,2.0,26.0,,,37.0,2.0,6.0,,5.0,42.0,79.0,67.0,111.0,1.0,1.0,1.0,4.0,,,,17.0,5.0,3.0,131.0,,3.0,1.0,73.0,1.0,27.0,1.0,1.0,40.0,,7.0,16.0,,,3.0,91.0,2.0,105.0,,,,,2021-06-09
11.13,,26.0,20.0,32.0,231.0,,149.0,1.0,,1.0,,25.0,32.0,,1.0,,,17.0,,,1.0,6.0,5.0,3.0,1.0,1.0,,5.0,,,,,,,5.0,21.0,,,2.0,,7.0,1.0,64.0,5.0,,7.0,1.0,,2.0,3.0,2.0,260.0,,136.0,,3.0,15.0,13.0,,79.0,,17.0,,1.0,6.0,,10.0,,1.0,3.0,,47.0,,,207.0,7.0,,67.0,,,,16.0,,,,,2.0,1.0,,61.0,,115.0,77.0,5.0,4.0,,98.0,54.0,21.0,4.0,,1.0,57.0,17.0,91.0,,5.0,,2.0,16.0,,30.0,4.0,37.0,3.0,6.0,,1.0,41.0,,,47.0,1.0,5.0,,4.0,1.0,168.0,16.0,105.0,1.0,1.0,,2.0,1.0,2.0,,6.0,5.0,10.0,175.0,,3.0,,111.0,,30.0,2.0,5.0,54.0,1.0,37.0,6.0,,,,69.0,1.0,174.0,,,,,2021-06-23
11.14,,61.0,15.0,27.0,197.0,,175.0,,3.0,,,20.0,66.0,1.0,2.0,,1.0,20.0,,,1.0,15.0,3.0,10.0,1.0,,,3.0,1.0,,,,,,1.0,31.0,,,127.0,,5.0,,20.0,6.0,,16.0,1.0,,3.0,1.0,1.0,6.0,,132.0,1.0,4.0,24.0,13.0,1.0,106.0,1.0,11.0,2.0,,7.0,,14.0,,1.0,3.0,,28.0,1.0,,24.0,11.0,,55.0,,,,6.0,,,,,,11.0,,50.0,,92.0,53.0,7.0,5.0,2.0,151.0,25.0,19.0,,1.0,2.0,97.0,12.0,106.0,,13.0,,4.0,26.0,,10.0,,29.0,10.0,5.0,,,61.0,,,67.0,6.0,3.0,,11.0,35.0,195.0,6.0,110.0,,3.0,,1.0,,,,14.0,1.0,3.0,146.0,,3.0,,103.0,2.0,24.0,1.0,3.0,67.0,2.0,65.0,4.0,,,3.0,48.0,4.0,173.0,,,,,2021-07-08
11.15,,58.0,43.0,82.0,214.0,1.0,232.0,,1.0,1.0,,41.0,120.0,1.0,1.0,,,27.0,,,1.0,44.0,,20.0,2.0,2.0,,2.0,,2.0,1.0,,,,1.0,16.0,,3.0,163.0,,57.0,,9.0,5.0,,124.0,,,1.0,21.0,1.0,5.0,,222.0,2.0,,36.0,16.0,2.0,162.0,6.0,7.0,3.0,,6.0,,37.0,,1.0,8.0,1.0,64.0,1.0,,16.0,59.0,,91.0,1.0,,1.0,1.0,1.0,,,,1.0,17.0,,37.0,,148.0,59.0,12.0,3.0,6.0,204.0,16.0,13.0,2.0,1.0,1.0,164.0,6.0,136.0,,166.0,,2.0,40.0,,16.0,6.0,62.0,5.0,15.0,,2.0,145.0,3.0,,101.0,4.0,9.0,,9.0,94.0,185.0,2.0,109.0,2.0,1.0,7.0,1.0,,4.0,,22.0,6.0,1.0,224.0,,1.0,,135.0,13.0,78.0,9.0,18.0,39.0,,92.0,17.0,4.0,,,49.0,,92.0,,,,,2021-07-21
11.16,,,7.0,14.0,12.0,,39.0,,,,,6.0,34.0,,,,,,,,,23.0,,3.0,,,,,,1.0,,,1.0,,,1.0,,,35.0,,2.0,,,,,13.0,,,,2.0,,,,36.0,,,4.0,2.0,,33.0,1.0,1.0,1.0,,,,10.0,,,1.0,,13.0,,,,11.0,,15.0,,,,,,,,,,,,4.0,,28.0,1.0,,,,19.0,,,,,,41.0,2.0,18.0,,11.0,,,1.0,,,5.0,17.0,1.0,1.0,,1.0,26.0,,,20.0,7.0,2.0,,5.0,4.0,22.0,,19.0,,,,,,,,6.0,1.0,1.0,13.0,,,,22.0,,6.0,,1.0,7.0,,17.0,3.0,,,,4.0,,2.0,,,,,2021-08-11
11.19,1.0,13.0,11.0,68.0,40.0,6.0,72.0,1.0,2.0,,,1.0,49.0,2.0,,,,2.0,,,19.0,,15.0,3.0,,,,,,,,17.0,,,,,,6.0,73.0,,8.0,,1.0,,,5.0,,,,5.0,,2.0,,6.0,39.0,,5.0,4.0,,62.0,,2.0,,,,,3.0,,10.0,1.0,,16.0,,,,45.0,,33.0,2.0,15.0,,,,,,,,33.0,,,,1.0,6.0,,1.0,,9.0,3.0,27.0,,,,33.0,3.0,,,12.0,,,19.0,,4.0,1.0,6.0,,3.0,,4.0,27.0,,,14.0,2.0,,,3.0,1.0,8.0,,70.0,,,,22.0,,2.0,25.0,15.0,72.0,,20.0,,,,2.0,,26.0,1.0,1.0,18.0,,46.0,3.0,,,8.0,8.0,7.0,19.0,,,,,2021-09-22
11.21,,,19.0,41.0,29.0,,28.0,,,,,13.0,5.0,,,,,5.0,,,6.0,,,6.0,1.0,2.0,,,,1.0,,,,,,,,,24.0,,,,,,,2.0,,3.0,1.0,1.0,,,1.0,8.0,21.0,,1.0,3.0,,20.0,2.0,,,,,,29.0,1.0,,2.0,,,,,,27.0,,19.0,1.0,10.0,,,,,,,,33.0,,,,,8.0,,,,3.0,3.0,1.0,,,,13.0,4.0,,,18.0,,,10.0,,,1.0,4.0,,,,,19.0,,,8.0,7.0,1.0,,1.0,4.0,4.0,,49.0,1.0,,,5.0,,,4.0,,15.0,,7.0,,,,,,9.0,19.0,1.0,10.0,,21.0,1.0,,16.0,,1.0,4.0,3.0,,,,,2021-10-20
11.23,,3.0,6.0,57.0,28.0,4.0,35.0,,,,,5.0,26.0,,,,,,,,4.0,,,12.0,2.0,,,,,2.0,,,,,,1.0,,,29.0,,,,6.0,,,,,27.0,2.0,1.0,,11.0,2.0,23.0,9.0,,1.0,3.0,,23.0,2.0,,,,,,26.0,1.0,,,,4.0,,,8.0,22.0,,14.0,,23.0,,,,6.0,,,,30.0,,1.0,,,12.0,23.0,,1.0,5.0,4.0,1.0,2.0,,,24.0,1.0,2.0,,42.0,,,10.0,,3.0,,3.0,,10.0,,,13.0,3.0,,11.0,10.0,,,8.0,1.0,9.0,,30.0,3.0,,,7.0,,1.0,,,4.0,3.0,39.0,,,,2.0,1.0,10.0,3.0,3.0,11.0,,7.0,5.0,,32.0,2.0,4.0,1.0,14.0,,,,,2021-11-17
11.24,1.0,2.0,20.0,59.0,27.0,,48.0,,,,,4.0,15.0,,,,,3.0,,,2.0,,,22.0,2.0,,,,2.0,2.0,,,,,,,,,13.0,,,23.0,,,,1.0,,64.0,2.0,5.0,,5.0,,33.0,22.0,1.0,2.0,4.0,,46.0,,2.0,,,,,19.0,,1.0,3.0,4.0,1.0,1.0,,5.0,19.0,,19.0,,19.0,,,,3.0,,,,14.0,,,,,14.0,16.0,,6.0,9.0,5.0,1.0,,,1.0,17.0,5.0,,,34.0,1.0,,19.0,,7.0,1.0,5.0,3.0,,,3.0,25.0,9.0,,4.0,8.0,2.0,,31.0,4.0,10.0,,6.0,,,1.0,1.0,,2.0,1.0,,1.0,8.0,34.0,,1.0,,,,10.0,7.0,6.0,5.0,,20.0,8.0,1.0,22.0,,5.0,,20.0,,,,,2021-12-08
12.1,2.0,11.0,10.0,170.0,69.0,1.0,129.0,,,,,2.0,19.0,6.0,,,,,,,,,46.0,17.0,1.0,1.0,,,,,,,,,,1.0,,1.0,9.0,,15.0,102.0,60.0,1.0,1.0,3.0,,187.0,,10.0,,,,150.0,69.0,,12.0,1.0,,84.0,2.0,9.0,,,,,17.0,,7.0,28.0,,8.0,,,63.0,16.0,,24.0,,19.0,,,1.0,7.0,,,,39.0,,,,5.0,32.0,37.0,,1.0,16.0,32.0,3.0,2.0,,,73.0,4.0,67.0,,39.0,,,27.0,,5.0,,4.0,,7.0,,,37.0,11.0,,11.0,20.0,,,43.0,,22.0,1.0,9.0,3.0,,,,,1.0,1.0,6.0,46.0,19.0,86.0,,8.0,,4.0,,31.0,6.0,5.0,11.0,,38.0,3.0,2.0,46.0,1.0,7.0,,76.0,,,,,2022-01-05
12.2,,7.0,15.0,202.0,103.0,,125.0,1.0,,,,6.0,92.0,6.0,,,,2.0,,,,,51.0,21.0,,4.0,,1.0,1.0,,,,,,,,,1.0,9.0,10.0,11.0,188.0,87.0,,24.0,19.0,,223.0,,15.0,,,,115.0,58.0,,43.0,,,97.0,,,,,,,26.0,,32.0,26.0,,5.0,1.0,,120.0,17.0,,37.0,,,,,,1.0,,,,45.0,,9.0,,3.0,65.0,48.0,,1.0,1.0,40.0,2.0,45.0,,,94.0,2.0,73.0,,37.0,,,17.0,,2.0,1.0,18.0,,9.0,,,49.0,4.0,,16.0,7.0,,163.0,36.0,34.0,30.0,28.0,3.0,1.0,,,1.0,,5.0,,8.0,37.0,8.0,92.0,,12.0,1.0,7.0,2.0,49.0,4.0,12.0,10.0,,41.0,2.0,,43.0,4.0,7.0,1.0,143.0,,,,,2022-01-20
12.3,,9.0,15.0,87.0,115.0,1.0,59.0,,1.0,,,4.0,119.0,2.0,,1.0,,3.0,,,,,107.0,16.0,1.0,7.0,,1.0,,2.0,1.0,,,,,,,2.0,25.0,9.0,11.0,29.0,85.0,,37.0,12.0,,130.0,3.0,13.0,,2.0,,73.0,59.0,,24.0,4.0,,76.0,,1.0,4.0,,,3.0,,2.0,29.0,12.0,,2.0,,1.0,97.0,8.0,,45.0,,,1.0,,2.0,3.0,,,44.0,61.0,,13.0,,3.0,59.0,32.0,,1.0,2.0,27.0,4.0,37.0,,4.0,87.0,,59.0,1.0,53.0,,,29.0,,2.0,1.0,11.0,,10.0,1.0,,48.0,4.0,,12.0,9.0,,233.0,45.0,50.0,34.0,7.0,1.0,,,,,,,,9.0,23.0,2.0,86.0,,2.0,2.0,9.0,2.0,24.0,6.0,11.0,18.0,,49.0,1.0,,46.0,,9.0,1.0,156.0,,,,,2022-02-02
12.4,,5.0,49.0,128.0,105.0,,98.0,,,,,25.0,202.0,1.0,,,,10.0,,,1.0,,151.0,9.0,,23.0,,4.0,,3.0,,,,,,,,,33.0,,13.0,15.0,47.0,1.0,27.0,13.0,,98.0,3.0,13.0,,,,42.0,47.0,,35.0,1.0,,121.0,,10.0,2.0,,,,17.0,2.0,16.0,11.0,,13.0,1.0,,108.0,24.0,,66.0,1.0,,1.0,,1.0,2.0,,,118.0,81.0,,64.0,,,78.0,17.0,,4.0,6.0,5.0,3.0,154.0,,7.0,145.0,8.0,46.0,,47.0,,,24.0,,19.0,,44.0,1.0,3.0,2.0,,66.0,9.0,,8.0,11.0,1.0,286.0,97.0,109.0,58.0,4.0,3.0,,,,1.0,,2.0,,11.0,15.0,4.0,87.0,,6.0,,3.0,,70.0,20.0,4.0,36.0,,52.0,5.0,3.0,70.0,4.0,17.0,,215.0,44.0,,,,2022-02-16
12.5,,5.0,73.0,141.0,45.0,,166.0,1.0,,,,27.0,190.0,13.0,,1.0,,3.0,,,15.0,8.0,178.0,15.0,,36.0,,15.0,1.0,,,,,,,,,,38.0,,27.0,20.0,83.0,,50.0,49.0,,133.0,,39.0,,22.0,,44.0,36.0,,36.0,2.0,,195.0,1.0,12.0,3.0,,,,4.0,1.0,17.0,24.0,,5.0,,,97.0,35.0,,72.0,,,1.0,,1.0,3.0,,,206.0,66.0,,133.0,,6.0,96.0,57.0,1.0,2.0,4.0,6.0,8.0,240.0,,7.0,156.0,6.0,55.0,,78.0,,,34.0,,56.0,4.0,86.0,,10.0,8.0,,122.0,2.0,,19.0,4.0,1.0,321.0,134.0,89.0,88.0,,36.0,,1.0,4.0,,,18.0,6.0,17.0,18.0,13.0,32.0,,10.0,,10.0,,93.0,95.0,25.0,52.0,,60.0,8.0,2.0,94.0,4.0,12.0,,35.0,100.0,,,,2022-03-02
12.6,,,8.0,18.0,1.0,,23.0,,,,,3.0,9.0,,,,,1.0,,,2.0,,3.0,,,,,,,,,,,,,,,,,,7.0,3.0,6.0,,13.0,5.0,,6.0,,1.0,,7.0,,,3.0,,2.0,,,23.0,,,,,,,,,,,,,,,11.0,4.0,,8.0,2.0,,,,,,,,29.0,4.0,,14.0,,,16.0,8.0,,,,,,5.0,,,10.0,,2.0,,,,,1.0,,1.0,1.0,10.0,,,,,14.0,,,,,,17.0,12.0,12.0,9.0,,11.0,,,,,,5.0,1.0,4.0,4.0,,,,,,1.0,,11.0,13.0,6.0,,,6.0,,,4.0,,,,4.0,6.0,,,,2022-03-30
12.8,,,24.0,24.0,4.0,4.0,53.0,6.0,,1.0,,10.0,7.0,,,,,22.0,,,1.0,,6.0,13.0,,,,2.0,,5.0,,,,,,,,,6.0,,31.0,,22.0,,4.0,2.0,,10.0,,,,12.0,,4.0,1.0,,1.0,56.0,,17.0,,1.0,,1.0,,,,,3.0,3.0,,21.0,2.0,,21.0,10.0,,13.0,,,,,,,,,61.0,16.0,,9.0,,,27.0,3.0,,,,,2.0,,,,8.0,,10.0,,18.0,,,20.0,,16.0,,10.0,,4.0,,,10.0,,,2.0,2.0,,2.0,3.0,6.0,20.0,15.0,82.0,1.0,,1.0,,3.0,6.0,,,4.0,9.0,,,2.0,,37.0,,24.0,20.0,9.0,8.0,,2.0,2.0,8.0,13.0,1.0,2.0,,35.0,13.0,,,,2022-04-27
12.10,,7.0,19.0,27.0,,,35.0,15.0,,33.0,,2.0,,,,,,1.0,,,,,,14.0,,,,,3.0,,,,,,,,,1.0,4.0,,47.0,12.0,27.0,,9.0,5.0,23.0,,,,,5.0,,2.0,1.0,,3.0,72.0,,10.0,1.0,5.0,,,,,12.0,,2.0,,,19.0,1.0,,11.0,4.0,,7.0,,,1.0,11.0,,,1.0,,49.0,12.0,,2.0,,,21.0,5.0,9.0,20.0,,6.0,8.0,,,1.0,10.0,41.0,7.0,,1.0,,,10.0,,10.0,2.0,16.0,,1.0,2.0,84.0,7.0,,,6.0,3.0,9.0,1.0,3.0,4.0,25.0,60.0,90.0,,,,,7.0,4.0,,19.0,6.0,1.0,,,2.0,,51.0,4.0,8.0,7.0,2.0,11.0,2.0,4.0,1.0,2.0,2.0,5.0,2.0,14.0,98.0,38.0,,,,2022-05-25
12.11,,12.0,25.0,48.0,7.0,,63.0,7.0,,58.0,,4.0,4.0,,,,,3.0,,,,,3.0,11.0,,4.0,2.0,,10.0,1.0,,8.0,,,,,,2.0,8.0,,112.0,115.0,32.0,2.0,9.0,24.0,42.0,,,,,7.0,,5.0,4.0,,5.0,168.0,,47.0,,8.0,2.0,,,1.0,13.0,2.0,10.0,14.0,,47.0,2.0,,24.0,10.0,,7.0,,,,1.0,,,1.0,1.0,102.0,3.0,,25.0,,1.0,53.0,24.0,47.0,60.0,,9.0,20.0,1.0,,10.0,12.0,52.0,11.0,,5.0,,,23.0,,12.0,8.0,58.0,,5.0,3.0,61.0,13.0,,,22.0,1.0,15.0,204.0,10.0,25.0,60.0,134.0,212.0,,,,,7.0,3.0,,75.0,55.0,4.0,2.0,,1.0,,125.0,2.0,32.0,6.0,43.0,75.0,,18.0,3.0,3.0,3.0,22.0,4.0,8.0,107.0,84.0,,,,2022-06-08
12.12,,10.0,15.0,15.0,26.0,,31.0,3.0,,40.0,,7.0,12.0,2.0,,,,4.0,,,4.0,10.0,4.0,29.0,,2.0,,,18.0,3.0,,23.0,,,2.0,,,,25.0,,142.0,170.0,13.0,1.0,7.0,69.0,63.0,,1.0,,,15.0,,5.0,16.0,1.0,4.0,162.0,,73.0,,3.0,3.0,,,1.0,9.0,9.0,101.0,16.0,,32.0,2.0,,26.0,4.0,,4.0,,1.0,2.0,4.0,1.0,1.0,,11.0,127.0,6.0,,45.0,,,61.0,23.0,50.0,31.0,,26.0,31.0,1.0,1.0,4.0,3.0,62.0,13.0,,6.0,,,17.0,,12.0,165.0,126.0,,6.0,4.0,97.0,17.0,1.0,25.0,17.0,1.0,7.0,267.0,10.0,52.0,61.0,138.0,163.0,,2.0,,1.0,20.0,4.0,3.0,134.0,82.0,19.0,3.0,,1.0,,209.0,3.0,35.0,9.0,37.0,166.0,,38.0,8.0,10.0,,23.0,5.0,6.0,99.0,162.0,,,,2022-06-23
12.13,,9.0,24.0,5.0,35.0,,18.0,4.0,,10.0,,27.0,32.0,,55.0,,,2.0,,,2.0,5.0,2.0,32.0,,4.0,2.0,,9.0,2.0,,15.0,,,3.0,,,,14.0,,81.0,2.0,4.0,,2.0,74.0,24.0,1.0,2.0,,,24.0,,6.0,19.0,1.0,11.0,111.0,,44.0,,4.0,2.0,12.0,,,10.0,1.0,164.0,9.0,,12.0,2.0,,24.0,4.0,,10.0,,1.0,,1.0,,,,5.0,103.0,1.0,,5.0,,,47.0,14.0,37.0,34.0,2.0,32.0,85.0,3.0,,4.0,3.0,41.0,8.0,,,,,14.0,,2.0,61.0,106.0,1.0,1.0,3.0,158.0,14.0,,2.0,9.0,,1.0,137.0,19.0,34.0,49.0,54.0,128.0,,,,,28.0,4.0,,94.0,144.0,24.0,1.0,,2.0,,238.0,1.0,29.0,3.0,15.0,167.0,,36.0,4.0,11.0,3.0,19.0,1.0,3.0,97.0,126.0,,,,2022-07-13
12.14,,24.0,18.0,2.0,25.0,1.0,97.0,,,4.0,,40.0,17.0,,136.0,1.0,,3.0,,,4.0,4.0,,51.0,3.0,2.0,1.0,,5.0,1.0,,18.0,,,1.0,,,1.0,4.0,1.0,13.0,,10.0,4.0,1.0,91.0,20.0,,1.0,1.0,,19.0,,67.0,27.0,,5.0,129.0,,26.0,,5.0,3.0,9.0,,,14.0,1.0,205.0,17.0,34.0,4.0,8.0,,31.0,19.0,,20.0,,1.0,,1.0,,,,2.0,142.0,,,,,1.0,86.0,15.0,52.0,47.0,1.0,36.0,110.0,1.0,,3.0,,42.0,1.0,,1.0,,,6.0,,6.0,17.0,40.0,,2.0,3.0,132.0,18.0,,,18.0,,,92.0,6.0,34.0,41.0,9.0,135.0,,,,,76.0,14.0,,145.0,166.0,15.0,2.0,,8.0,,286.0,3.0,28.0,6.0,78.0,137.0,,40.0,3.0,11.0,25.0,17.0,2.0,12.0,166.0,83.0,12.0,,,2022-07-27
12.15,,7.0,11.0,,16.0,,59.0,,,,,10.0,8.0,,51.0,1.0,1.0,1.0,,,4.0,1.0,4.0,14.0,7.0,14.0,,,1.0,,,22.0,,1.0,,,,,,,7.0,1.0,5.0,2.0,5.0,69.0,11.0,1.0,,2.0,,15.0,,97.0,36.0,2.0,2.0,98.0,,8.0,,3.0,4.0,1.0,,,1.0,,97.0,3.0,10.0,3.0,3.0,,53.0,37.0,,3.0,,,,2.0,,1.0,,1.0,100.0,,,,,1.0,48.0,10.0,50.0,27.0,,37.0,97.0,1.0,,1.0,1.0,24.0,1.0,,,,,1.0,,1.0,24.0,20.0,,1.0,1.0,57.0,11.0,,,8.0,,,82.0,2.0,8.0,10.0,23.0,66.0,,,,,87.0,49.0,,118.0,109.0,3.0,1.0,,5.0,,147.0,3.0,12.0,1.0,59.0,122.0,,13.0,2.0,8.0,5.0,35.0,1.0,1.0,39.0,35.0,6.0,,,2022-08-10
12.16,,,,,,,3.0,,,,,,,,2.0,,,,,,,,,,,,,,,,,,,,,,,,1.0,,3.0,,,,,4.0,,,,,,,,3.0,2.0,,,1.0,,,,,,,,,,,,,,,,,1.0,,,,,,,,,,,,1.0,,,,,,,1.0,3.0,2.0,,3.0,,,,,,1.0,,,,,,,,,,1.0,,,,3.0,,,,2.0,,,1.0,,2.0,,2.0,7.0,,,,,3.0,,,5.0,3.0,,,,,,6.0,,,,1.0,2.0,,1.0,,,,,,,,,,,,2022-08-24
12.18,,4.0,7.0,,,,29.0,,1.0,,,9.0,8.0,,2.0,3.0,,7.0,,,10.0,7.0,,8.0,1.0,,1.0,,,2.0,,18.0,,,,,,,1.0,,6.0,,5.0,1.0,,14.0,5.0,86.0,,,,3.0,48.0,30.0,11.0,,,,,12.0,,,,,13.0,,4.0,,18.0,3.0,6.0,7.0,4.0,,34.0,6.0,,8.0,,,,,,2.0,,,6.0,50.0,,,,8.0,24.0,20.0,57.0,29.0,,1.0,22.0,19.0,,1.0,2.0,13.0,,,2.0,,2.0,2.0,,15.0,10.0,13.0,1.0,,,17.0,13.0,,8.0,5.0,,4.0,,2.0,7.0,18.0,3.0,29.0,,,,,11.0,79.0,1.0,43.0,85.0,1.0,8.0,,,,43.0,,2.0,4.0,24.0,49.0,,20.0,6.0,6.0,2.0,7.0,1.0,1.0,4.0,23.0,3.0,,,2022-09-21
12.23,,,6.0,,1.0,,11.0,,,,,,5.0,,4.0,,,1.0,,,,5.0,,4.0,,,,,,,,2.0,,,,,,,5.0,,,,3.0,,,,,3.0,1.0,,,,,2.0,,,,11.0,,2.0,,1.0,,,12.0,,5.0,,5.0,,,1.0,,,14.0,2.0,,,,,,,,,,,6.0,5.0,,,4.0,7.0,2.0,,8.0,28.0,,1.0,4.0,,,,,1.0,2.0,,23.0,,,1.0,,,,2.0,,,,3.0,6.0,,,1.0,2.0,5.0,3.0,,,6.0,,26.0,,,,,12.0,6.0,,4.0,24.0,1.0,,,,,17.0,2.0,,,,6.0,,3.0,,,,,,,9.0,8.0,,26.0,,2022-12-07
13.1,,29.0,50.0,5.0,3.0,,32.0,,,,,5.0,278.0,36.0,25.0,4.0,,23.0,,,4.0,346.0,2.0,255.0,,3.0,,,3.0,,,8.0,,,,,,304.0,26.0,,24.0,,57.0,,,,1.0,232.0,,,,3.0,335.0,184.0,7.0,326.0,5.0,97.0,,7.0,,4.0,22.0,1.0,90.0,,6.0,5.0,14.0,12.0,,15.0,,,130.0,8.0,1.0,15.0,,,,,,6.0,,,26.0,11.0,,,,128.0,47.0,33.0,137.0,142.0,8.0,32.0,74.0,,,27.0,177.0,7.0,,,69.0,1.0,,4.0,,2.0,1.0,58.0,3.0,3.0,,13.0,18.0,2.0,,6.0,16.0,33.0,123.0,,,9.0,,237.0,,2.0,,,126.0,1.0,24.0,152.0,165.0,17.0,2.0,,,,36.0,,3.0,4.0,10.0,166.0,,2.0,6.0,3.0,,38.0,1.0,4.0,45.0,17.0,1.0,145.0,,2023-01-11
13.3,93.0,12.0,8.0,,,,22.0,,,1.0,,1.0,26.0,49.0,12.0,2.0,,41.0,,,1.0,201.0,,104.0,,4.0,,,,,,6.0,,,,,,42.0,23.0,,9.0,,52.0,,,,,156.0,3.0,,,,205.0,70.0,,199.0,2.0,21.0,,30.0,,5.0,2.0,,25.0,,11.0,,5.0,41.0,,10.0,,,64.0,2.0,,12.0,,,,,,4.0,,,6.0,4.0,,,,80.0,39.0,22.0,79.0,35.0,4.0,11.0,37.0,,,4.0,114.0,1.0,1.0,1.0,19.0,,,,,4.0,,35.0,,2.0,,22.0,8.0,,1.0,4.0,10.0,11.0,49.0,2.0,,,,99.0,,1.0,,,38.0,1.0,5.0,67.0,2.0,4.0,1.0,3.0,,,13.0,,10.0,18.0,3.0,64.0,,4.0,2.0,4.0,,27.0,2.0,1.0,25.0,4.0,,7.0,,2023-02-09
13.4,200.0,23.0,8.0,4.0,1.0,1.0,56.0,,,,,1.0,25.0,60.0,4.0,1.0,,40.0,,,1.0,234.0,,116.0,2.0,1.0,,,,1.0,3.0,8.0,,,,,,7.0,19.0,,15.0,,76.0,,45.0,,,219.0,6.0,7.0,,,18.0,86.0,13.0,143.0,10.0,59.0,,72.0,,5.0,13.0,,32.0,,9.0,,7.0,124.0,1.0,7.0,1.0,,55.0,9.0,1.0,13.0,,,,,,2.0,,,49.0,1.0,,,,158.0,72.0,12.0,141.0,58.0,12.0,27.0,58.0,,,12.0,155.0,8.0,,,27.0,29.0,,7.0,,3.0,,53.0,,7.0,,58.0,4.0,,1.0,5.0,2.0,15.0,71.0,1.0,,15.0,3.0,94.0,1.0,3.0,,,104.0,,9.0,31.0,,2.0,23.0,,,,14.0,,69.0,58.0,8.0,49.0,,37.0,4.0,2.0,,34.0,1.0,1.0,36.0,20.0,,50.0,,2023-02-23
13.5,237.0,30.0,11.0,1.0,7.0,1.0,150.0,,,,,,13.0,62.0,2.0,1.0,,75.0,,,,36.0,,86.0,,1.0,,,1.0,,7.0,5.0,,,,,,,12.0,,,,13.0,,91.0,,7.0,93.0,51.0,64.0,,4.0,60.0,51.0,6.0,100.0,11.0,69.0,,118.0,,35.0,17.0,,16.0,,8.0,,1.0,105.0,1.0,3.0,,,40.0,127.0,1.0,17.0,,,,,,1.0,,,87.0,2.0,,,,135.0,68.0,17.0,153.0,37.0,3.0,53.0,34.0,2.0,,,166.0,58.0,,,50.0,15.0,,4.0,,4.0,10.0,63.0,,3.0,2.0,70.0,5.0,,6.0,3.0,1.0,28.0,125.0,25.0,13.0,37.0,1.0,114.0,,,,,190.0,,17.0,1.0,,,55.0,1.0,,,5.0,,112.0,90.0,4.0,77.0,,30.0,,1.0,3.0,49.0,,,41.0,35.0,,64.0,,2023-03-08
13.6,59.0,29.0,3.0,1.0,,,24.0,,,,,,1.0,11.0,1.0,,,31.0,,,,4.0,,21.0,,,,,,,,,,,,,1.0,,2.0,,,,,,16.0,1.0,,5.0,12.0,34.0,,2.0,18.0,,2.0,8.0,,38.0,,24.0,,5.0,11.0,,8.0,,,,,21.0,,,,,3.0,41.0,4.0,,,,,,,,,,21.0,,,,,30.0,20.0,,22.0,7.0,,16.0,18.0,,,5.0,41.0,20.0,,,11.0,,,,,1.0,,2.0,,2.0,,8.0,,,3.0,7.0,,4.0,27.0,7.0,,8.0,,12.0,,1.0,,,44.0,,,,,,5.0,,,,,,49.0,33.0,2.0,14.0,,5.0,1.0,2.0,,6.0,,,12.0,10.0,,3.0,,2023-03-22
13.7,,,,,,,1.0,,,,,,,,,,,2.0,,,,,,,,,,,,,,,,,,,,,,,,,,,,,,4.0,,1.0,,,,,,,,2.0,,,,,,,4.0,,,,,,,,,,,3.0,,,,,,,,,,,2.0,,,,,4.0,,,1.0,,,,,,,,,,,,,,,,,,,,,,,,,,,1.0,,,4.0,1.0,,,,,,,,,2.0,,,,,,,,,,,,4.0,3.0,,,,,,,,,,,1.0,,,,,2023-04-05
13.8,40.0,19.0,3.0,,1.0,,9.0,,,,,1.0,,18.0,,,,7.0,,,,,,4.0,,,,,,,,,,,,,,,,,,,,,,,1.0,,16.0,8.0,,3.0,36.0,2.0,,5.0,,14.0,,2.0,,9.0,4.0,,,,24.0,,16.0,20.0,,2.0,,,,41.0,,3.0,,,,,,,,,26.0,,,,,7.0,37.0,,2.0,7.0,,24.0,16.0,,5.0,3.0,12.0,10.0,,,8.0,3.0,,,,,,9.0,,3.0,,3.0,,,2.0,2.0,,8.0,4.0,14.0,4.0,12.0,,40.0,,,,,54.0,1.0,,,,,17.0,,,,,,28.0,8.0,,10.0,,11.0,1.0,2.0,,1.0,,,18.0,4.0,,35.0,,2023-04-19
13.10,37.0,1.0,,,,,4.0,,,,,,,19.0,,,,2.0,,,1.0,,,29.0,,,,,1.0,,,,,,,,,,1.0,,,,,,,1.0,,,16.0,19.0,,13.0,59.0,,,1.0,,54.0,,13.0,,7.0,2.0,,,,1.0,,15.0,24.0,,1.0,1.0,,1.0,3.0,,1.0,,2.0,,1.0,,,,,39.0,,,2.0,4.0,3.0,24.0,1.0,16.0,8.0,1.0,37.0,11.0,,12.0,,34.0,4.0,,,21.0,6.0,,,,,1.0,22.0,,1.0,,2.0,,,,10.0,,11.0,86.0,9.0,7.0,20.0,,62.0,,,,1.0,85.0,1.0,,,29.0,,4.0,,,,,,27.0,12.0,5.0,2.0,81.0,15.0,1.0,,,3.0,,,56.0,1.0,,76.0,96.0,2023-05-17
13.11,19.0,6.0,,1.0,,,34.0,,,,,,,9.0,,,,6.0,,,,,,9.0,,,,,,,,,,,,,,,5.0,,,,,,,,,,7.0,10.0,,9.0,40.0,16.0,5.0,1.0,1.0,25.0,,1.0,,1.0,1.0,,,,1.0,,18.0,13.0,,1.0,,,2.0,3.0,,,,,,2.0,,,,,11.0,,,1.0,,,9.0,,21.0,,,6.0,19.0,,3.0,4.0,15.0,2.0,,,13.0,,,,,3.0,,4.0,,1.0,,,,,,2.0,,9.0,29.0,3.0,2.0,11.0,,27.0,,,,,63.0,,1.0,10.0,46.0,,1.0,,1.0,,1.0,,14.0,16.0,,2.0,56.0,7.0,,,,2.0,,,16.0,2.0,,27.0,43.0,2023-06-01
13.12,23.0,,,1.0,,,88.0,,,,,18.0,,15.0,,,,43.0,,,,14.0,,36.0,,,,,,1.0,,,,,,,,,1.0,,1.0,,2.0,,,1.0,,,19.0,10.0,,9.0,44.0,38.0,,3.0,2.0,18.0,,2.0,,6.0,,,2.0,,4.0,,21.0,4.0,,3.0,,,2.0,23.0,,,,,,,,,,,16.0,,,,,31.0,17.0,,44.0,7.0,4.0,2.0,8.0,,2.0,1.0,36.0,1.0,,3.0,5.0,,,,,41.0,,4.0,,,,,,,,8.0,,22.0,2.0,6.0,,10.0,,15.0,,,,,54.0,,,31.0,,3.0,2.0,,1.0,20.0,,,50.0,21.0,1.0,3.0,95.0,27.0,29.0,,,4.0,,,13.0,,1.0,18.0,45.0,2023-06-14
13.13,28.0,4.0,,1.0,,,192.0,1.0,,,1.0,65.0,,7.0,3.0,,,130.0,,,,34.0,,91.0,,,,,,2.0,,,,,,,,,2.0,,1.0,,4.0,,,8.0,,,32.0,9.0,,46.0,107.0,78.0,,,2.0,5.0,,10.0,4.0,97.0,3.0,,8.0,,3.0,,99.0,6.0,,5.0,,,2.0,32.0,,4.0,,,,1.0,,,,,17.0,,,,,50.0,61.0,1.0,86.0,8.0,16.0,2.0,22.0,,4.0,4.0,98.0,,,3.0,9.0,,,1.0,,133.0,2.0,12.0,,1.0,1.0,1.0,1.0,,1.0,29.0,,33.0,11.0,11.0,,32.0,,4.0,,,,,71.0,,,74.0,,8.0,3.0,3.0,2.0,82.0,8.0,,105.0,94.0,10.0,15.0,68.0,29.0,89.0,1.0,,13.0,,8.0,21.0,6.0,3.0,22.0,61.0,2023-06-28
13.14,17.0,2.0,,,,,123.0,,,,,60.0,,6.0,12.0,,,128.0,,,,12.0,,68.0,,,,,,,,1.0,,,,,,,,,2.0,1.0,2.0,1.0,,2.0,,,24.0,6.0,,60.0,75.0,66.0,,,1.0,5.0,,11.0,1.0,99.0,12.0,,,,,,108.0,12.0,,16.0,,,4.0,19.0,,7.0,,,,,,,6.0,,28.0,,,,,23.0,60.0,,106.0,4.0,32.0,11.0,11.0,,5.0,,98.0,2.0,,,4.0,,,,1.0,85.0,,10.0,,1.0,,12.0,,,,11.0,,6.0,45.0,,,43.0,,6.0,,,,,44.0,49.0,,65.0,,,2.0,1.0,5.0,36.0,7.0,,69.0,98.0,8.0,24.0,92.0,12.0,80.0,,,19.0,3.0,7.0,12.0,3.0,3.0,17.0,9.0,2023-07-19
13.15,1.0,22.0,2.0,,,4.0,61.0,,1.0,,,36.0,,,18.0,,,80.0,,,,2.0,,50.0,,,,,1.0,3.0,,,,,,,,,,,,1.0,,,,2.0,1.0,,9.0,5.0,,34.0,46.0,44.0,,,2.0,6.0,,2.0,,43.0,,,1.0,,,,44.0,,,10.0,,,1.0,2.0,,2.0,,,,3.0,,,2.0,,4.0,,,,,11.0,30.0,,40.0,,2.0,4.0,10.0,,,2.0,32.0,1.0,,,1.0,,,,,21.0,1.0,6.0,2.0,,,27.0,2.0,,,9.0,,2.0,29.0,,,9.0,,2.0,,1.0,,,17.0,11.0,,22.0,,4.0,,,,35.0,18.0,,49.0,60.0,10.0,4.0,29.0,8.0,41.0,,,,,3.0,12.0,1.0,8.0,7.0,1.0,2023-08-02
13.18,,,1.0,,,,11.0,,,,,5.0,,,2.0,,,6.0,,,,1.0,,9.0,,,,,,1.0,,,,,,,,,,,,,,2.0,,,,,,,,,1.0,4.0,,6.0,1.0,,,1.0,,,,,,,3.0,,4.0,1.0,,,,,1.0,,,,,,,,,,,,1.0,,,,,,1.0,,2.0,3.0,1.0,,1.0,,,,3.0,,,,,,,,,3.0,,,,,,2.0,,,,,,,4.0,,,12.0,1.0,,,,,,2.0,,,11.0,,,,,,,,,5.0,4.0,,2.0,14.0,,9.0,,1.0,1.0,,,1.0,,1.0,4.0,,2023-09-13
13.19,,11.0,1.0,,,,31.0,,,,,36.0,2.0,2.0,5.0,,,16.0,,,,12.0,,44.0,,,,,,1.0,,,,,,,,4.0,1.0,,,,2.0,,,,,20.0,18.0,2.0,,15.0,63.0,32.0,59.0,,99.0,13.0,,52.0,,85.0,2.0,,1.0,,2.0,,56.0,1.0,,6.0,,,27.0,13.0,3.0,,,,,,,1.0,,,11.0,3.0,,,,7.0,39.0,2.0,47.0,1.0,8.0,4.0,15.0,,,11.0,12.0,,,,25.0,,,,,17.0,,13.0,,1.0,,27.0,,,5.0,2.0,,7.0,12.0,4.0,1.0,18.0,7.0,,,,,,33.0,13.0,,42.0,,2.0,10.0,,,7.0,78.0,2.0,48.0,81.0,4.0,32.0,100.0,14.0,47.0,4.0,,10.0,,,5.0,59.0,18.0,31.0,,2023-09-27
